ALTER SESSION SET NLS_DATE_FORMAT='YYYY-MM-DD HH24:Mi:SS';

----CO_UOM Updates----------

update CO_UOM set NM_UOM = 'Millilitre', DE_UOM='Volume with unit of measurein Millilitre' where CD_UOM = 'ML';

update CO_UOM set CD_UOM = 'L' where CD_UOM = 'LT';
update CO_UOM set NM_UOM = 'Litre', DE_UOM='Volume with unit of measure in Litre' where CD_UOM = 'L';

update CO_UOM set NM_UOM = 'cubic metres', DE_UOM='Volume with unit of measure in cubic Metres' where CD_UOM = 'CR';

update CO_UOM set CD_UOM = 'm' where CD_UOM = 'MT';
update CO_UOM set NM_UOM = 'Metres', DE_UOM='Dimension with unit of measurement in Metres' where CD_UOM = 'm';

update CO_UOM set NM_UOM = 'kilometres', DE_UOM='Dimension with unit of measurement in Kilometres' where CD_UOM = 'KM';

update CO_UOM set CD_UOM = 'ea' where CD_UOM = 'EA';

Insert into CO_UOM (CD_UOM,TY_UOM,FL_UOM_ENG_MC,NM_UOM,DE_UOM,POS_CRT_ON,POS_MOD_ON) values ('m2','DI','M','square metres','Dimension with Unit of measure in square metres','2013-02-02 00:00:00','2013-02-02 00:00:00');

Insert into CO_UOM (CD_UOM,TY_UOM,FL_UOM_ENG_MC,NM_UOM,DE_UOM,POS_CRT_ON,POS_MOD_ON) values ('m3','DI','M','cubic metres','Dimension with Unit of measure in cubic metres','2013-02-02 00:00:00','2013-02-02 00:00:00');

update CO_UOM set CD_UOM = 'kg'	where CD_UOM = 'KG' and nm_UOM = 'Kgs';



------AS_TND-------------------

delete from I8_TND;

delete from AS_TND;

SET DEFINE OFF;
Insert into AS_TND (TY_TND,DE_TND,PT_TY_TND,ID_ACNT_LDG,LU_CLS_TND,CD_CNY_ISO_4217,FL_NMB_SRZ_IDN_RQ,FL_AZN_RQ,LU_MTH_AZN,FL_DT_AZN_EP_RQ,IN_WIT_AZN_MXM_ALW,FL_IDTN_RQ_CT,FL_ID_PRSL_RQ,FL_SGNTR_CT_RQ,FL_ACNT_ID_RQ,MO_APVL_TNDFLR_ON,MO_APVL_TNDCE_ON,MO_APVL_TNDFLR_OFF,MO_APVL_TNDCE_OFF,LL_ACPT_TND,LU_ACPT_TND,UL_OVRD_TRGR,FL_PRMS_TND_LON,FL_RST_APLY,FL_AVLB_LCL_CNY,FL_UPDT_RLTM_BLNC,FL_ENDSM_RQ,FL_DRW_OPN_CSH_RQ,MO_TH_TND_CHN,FL_RQ_TND_UN_CNT,FL_RQ_TND_AMT_CNT,FL_POA_TND_ACTPN,FL_MSR_RQ,FL_CHK_ENC,FL_PY_OT_PRMS,ID_PYM_SV_PVR,POS_TND_DCL_ALW,POS_TND_DCL_TYP,POS_TND_DCL_TH_LMT,POS_PY_IN_PRMS_FLG,POS_CRT_BY,POS_CRT_ON,POS_MOD_BY,POS_MOD_ON,TND_PRT,POS_EXTN_TND_FLG) values ('GIFTCARD10','Store Goodwill Card IE','GiftCard',null,'SV',null,null,null,null,null,1,null,null,null,null,1,1,1,1,1,1,1,null,null,null,null,null,null,1,'Y',null,null,null,null,null,null,null,null,null,null,'spadmin',to_date('27-DEC-2017 17:37:22','DD-MON-YYYY HH24:MI:SS'),'spadmin',to_date('27-DEC-2017 17:37:23','DD-MON-YYYY HH24:MI:SS'),10,'Y');
Insert into AS_TND (TY_TND,DE_TND,PT_TY_TND,ID_ACNT_LDG,LU_CLS_TND,CD_CNY_ISO_4217,FL_NMB_SRZ_IDN_RQ,FL_AZN_RQ,LU_MTH_AZN,FL_DT_AZN_EP_RQ,IN_WIT_AZN_MXM_ALW,FL_IDTN_RQ_CT,FL_ID_PRSL_RQ,FL_SGNTR_CT_RQ,FL_ACNT_ID_RQ,MO_APVL_TNDFLR_ON,MO_APVL_TNDCE_ON,MO_APVL_TNDFLR_OFF,MO_APVL_TNDCE_OFF,LL_ACPT_TND,LU_ACPT_TND,UL_OVRD_TRGR,FL_PRMS_TND_LON,FL_RST_APLY,FL_AVLB_LCL_CNY,FL_UPDT_RLTM_BLNC,FL_ENDSM_RQ,FL_DRW_OPN_CSH_RQ,MO_TH_TND_CHN,FL_RQ_TND_UN_CNT,FL_RQ_TND_AMT_CNT,FL_POA_TND_ACTPN,FL_MSR_RQ,FL_CHK_ENC,FL_PY_OT_PRMS,ID_PYM_SV_PVR,POS_TND_DCL_ALW,POS_TND_DCL_TYP,POS_TND_DCL_TH_LMT,POS_PY_IN_PRMS_FLG,POS_CRT_BY,POS_CRT_ON,POS_MOD_BY,POS_MOD_ON,TND_PRT,POS_EXTN_TND_FLG) values ('VOUCHER2','Manufacturers Coupon','Voucher',null,'VC',null,null,null,null,null,1,null,null,null,null,1,1,1,1,1,1,1,null,null,null,null,null,null,1,'Y',null,null,null,null,null,null,null,null,null,null,'spadmin',to_date('27-DEC-2017 17:39:46','DD-MON-YYYY HH24:MI:SS'),'spadmin',to_date('27-DEC-2017 17:39:47','DD-MON-YYYY HH24:MI:SS'),2,'Y');
Insert into AS_TND (TY_TND,DE_TND,PT_TY_TND,ID_ACNT_LDG,LU_CLS_TND,CD_CNY_ISO_4217,FL_NMB_SRZ_IDN_RQ,FL_AZN_RQ,LU_MTH_AZN,FL_DT_AZN_EP_RQ,IN_WIT_AZN_MXM_ALW,FL_IDTN_RQ_CT,FL_ID_PRSL_RQ,FL_SGNTR_CT_RQ,FL_ACNT_ID_RQ,MO_APVL_TNDFLR_ON,MO_APVL_TNDCE_ON,MO_APVL_TNDFLR_OFF,MO_APVL_TNDCE_OFF,LL_ACPT_TND,LU_ACPT_TND,UL_OVRD_TRGR,FL_PRMS_TND_LON,FL_RST_APLY,FL_AVLB_LCL_CNY,FL_UPDT_RLTM_BLNC,FL_ENDSM_RQ,FL_DRW_OPN_CSH_RQ,MO_TH_TND_CHN,FL_RQ_TND_UN_CNT,FL_RQ_TND_AMT_CNT,FL_POA_TND_ACTPN,FL_MSR_RQ,FL_CHK_ENC,FL_PY_OT_PRMS,ID_PYM_SV_PVR,POS_TND_DCL_ALW,POS_TND_DCL_TYP,POS_TND_DCL_TH_LMT,POS_PY_IN_PRMS_FLG,POS_CRT_BY,POS_CRT_ON,POS_MOD_BY,POS_MOD_ON,TND_PRT,POS_EXTN_TND_FLG) values ('VOUCHER3','B&Q Gift Voucher','Voucher',null,'VC',null,null,null,null,null,1,null,null,null,null,1,1,1,1,1,1,1,null,null,null,null,null,null,1,'Y',null,null,null,null,null,null,null,null,null,null,'spadmin',to_date('27-DEC-2017 17:40:07','DD-MON-YYYY HH24:MI:SS'),'spadmin',to_date('27-DEC-2017 17:40:08','DD-MON-YYYY HH24:MI:SS'),3,'Y');
Insert into AS_TND (TY_TND,DE_TND,PT_TY_TND,ID_ACNT_LDG,LU_CLS_TND,CD_CNY_ISO_4217,FL_NMB_SRZ_IDN_RQ,FL_AZN_RQ,LU_MTH_AZN,FL_DT_AZN_EP_RQ,IN_WIT_AZN_MXM_ALW,FL_IDTN_RQ_CT,FL_ID_PRSL_RQ,FL_SGNTR_CT_RQ,FL_ACNT_ID_RQ,MO_APVL_TNDFLR_ON,MO_APVL_TNDCE_ON,MO_APVL_TNDFLR_OFF,MO_APVL_TNDCE_OFF,LL_ACPT_TND,LU_ACPT_TND,UL_OVRD_TRGR,FL_PRMS_TND_LON,FL_RST_APLY,FL_AVLB_LCL_CNY,FL_UPDT_RLTM_BLNC,FL_ENDSM_RQ,FL_DRW_OPN_CSH_RQ,MO_TH_TND_CHN,FL_RQ_TND_UN_CNT,FL_RQ_TND_AMT_CNT,FL_POA_TND_ACTPN,FL_MSR_RQ,FL_CHK_ENC,FL_PY_OT_PRMS,ID_PYM_SV_PVR,POS_TND_DCL_ALW,POS_TND_DCL_TYP,POS_TND_DCL_TH_LMT,POS_PY_IN_PRMS_FLG,POS_CRT_BY,POS_CRT_ON,POS_MOD_BY,POS_MOD_ON,TND_PRT,POS_EXTN_TND_FLG) values ('VOUCHER5','Credit Voucher','Voucher',null,'VC',null,null,null,null,null,1,null,null,null,null,1,1,1,1,1,1,1,null,null,null,null,null,null,1,'Y',null,null,null,null,null,null,null,null,null,null,'spadmin',to_date('27-DEC-2017 17:40:44','DD-MON-YYYY HH24:MI:SS'),'spadmin',to_date('27-DEC-2017 17:40:45','DD-MON-YYYY HH24:MI:SS'),5,'Y');
Insert into AS_TND (TY_TND,DE_TND,PT_TY_TND,ID_ACNT_LDG,LU_CLS_TND,CD_CNY_ISO_4217,FL_NMB_SRZ_IDN_RQ,FL_AZN_RQ,LU_MTH_AZN,FL_DT_AZN_EP_RQ,IN_WIT_AZN_MXM_ALW,FL_IDTN_RQ_CT,FL_ID_PRSL_RQ,FL_SGNTR_CT_RQ,FL_ACNT_ID_RQ,MO_APVL_TNDFLR_ON,MO_APVL_TNDCE_ON,MO_APVL_TNDFLR_OFF,MO_APVL_TNDCE_OFF,LL_ACPT_TND,LU_ACPT_TND,UL_OVRD_TRGR,FL_PRMS_TND_LON,FL_RST_APLY,FL_AVLB_LCL_CNY,FL_UPDT_RLTM_BLNC,FL_ENDSM_RQ,FL_DRW_OPN_CSH_RQ,MO_TH_TND_CHN,FL_RQ_TND_UN_CNT,FL_RQ_TND_AMT_CNT,FL_POA_TND_ACTPN,FL_MSR_RQ,FL_CHK_ENC,FL_PY_OT_PRMS,ID_PYM_SV_PVR,POS_TND_DCL_ALW,POS_TND_DCL_TYP,POS_TND_DCL_TH_LMT,POS_PY_IN_PRMS_FLG,POS_CRT_BY,POS_CRT_ON,POS_MOD_BY,POS_MOD_ON,TND_PRT,POS_EXTN_TND_FLG) values ('VOUCHER6','Kingfisher Gift Voucher','Voucher',null,'VC',null,null,null,null,null,1,null,null,null,null,1,1,1,1,1,1,1,null,null,null,null,null,null,1,'Y',null,null,null,null,null,null,null,null,null,null,'spadmin',to_date('27-DEC-2017 17:41:02','DD-MON-YYYY HH24:MI:SS'),'spadmin',to_date('27-DEC-2017 17:41:03','DD-MON-YYYY HH24:MI:SS'),6,'Y');
Insert into AS_TND (TY_TND,DE_TND,PT_TY_TND,ID_ACNT_LDG,LU_CLS_TND,CD_CNY_ISO_4217,FL_NMB_SRZ_IDN_RQ,FL_AZN_RQ,LU_MTH_AZN,FL_DT_AZN_EP_RQ,IN_WIT_AZN_MXM_ALW,FL_IDTN_RQ_CT,FL_ID_PRSL_RQ,FL_SGNTR_CT_RQ,FL_ACNT_ID_RQ,MO_APVL_TNDFLR_ON,MO_APVL_TNDCE_ON,MO_APVL_TNDFLR_OFF,MO_APVL_TNDCE_OFF,LL_ACPT_TND,LU_ACPT_TND,UL_OVRD_TRGR,FL_PRMS_TND_LON,FL_RST_APLY,FL_AVLB_LCL_CNY,FL_UPDT_RLTM_BLNC,FL_ENDSM_RQ,FL_DRW_OPN_CSH_RQ,MO_TH_TND_CHN,FL_RQ_TND_UN_CNT,FL_RQ_TND_AMT_CNT,FL_POA_TND_ACTPN,FL_MSR_RQ,FL_CHK_ENC,FL_PY_OT_PRMS,ID_PYM_SV_PVR,POS_TND_DCL_ALW,POS_TND_DCL_TYP,POS_TND_DCL_TH_LMT,POS_PY_IN_PRMS_FLG,POS_CRT_BY,POS_CRT_ON,POS_MOD_BY,POS_MOD_ON,TND_PRT,POS_EXTN_TND_FLG) values ('CHECK1','Business Cheque','Check',null,'CQ',null,null,null,null,null,1,null,null,null,null,1,1,1,1,1,1,1,null,null,null,null,null,null,1,'Y',null,null,null,null,null,null,null,null,null,null,'spadmin',to_date('27-DEC-2017 17:41:27','DD-MON-YYYY HH24:MI:SS'),'spadmin',to_date('27-DEC-2017 17:41:28','DD-MON-YYYY HH24:MI:SS'),1,'Y');
Insert into AS_TND (TY_TND,DE_TND,PT_TY_TND,ID_ACNT_LDG,LU_CLS_TND,CD_CNY_ISO_4217,FL_NMB_SRZ_IDN_RQ,FL_AZN_RQ,LU_MTH_AZN,FL_DT_AZN_EP_RQ,IN_WIT_AZN_MXM_ALW,FL_IDTN_RQ_CT,FL_ID_PRSL_RQ,FL_SGNTR_CT_RQ,FL_ACNT_ID_RQ,MO_APVL_TNDFLR_ON,MO_APVL_TNDCE_ON,MO_APVL_TNDFLR_OFF,MO_APVL_TNDCE_OFF,LL_ACPT_TND,LU_ACPT_TND,UL_OVRD_TRGR,FL_PRMS_TND_LON,FL_RST_APLY,FL_AVLB_LCL_CNY,FL_UPDT_RLTM_BLNC,FL_ENDSM_RQ,FL_DRW_OPN_CSH_RQ,MO_TH_TND_CHN,FL_RQ_TND_UN_CNT,FL_RQ_TND_AMT_CNT,FL_POA_TND_ACTPN,FL_MSR_RQ,FL_CHK_ENC,FL_PY_OT_PRMS,ID_PYM_SV_PVR,POS_TND_DCL_ALW,POS_TND_DCL_TYP,POS_TND_DCL_TH_LMT,POS_PY_IN_PRMS_FLG,POS_CRT_BY,POS_CRT_ON,POS_MOD_BY,POS_MOD_ON,TND_PRT,POS_EXTN_TND_FLG) values ('CHECK2','Personal Cheque','Check',null,'CQ',null,null,null,null,null,1,null,null,null,null,1,1,1,1,1,1,1,null,null,null,null,null,null,1,'Y',null,null,null,null,null,null,null,null,null,null,'spadmin',to_date('27-DEC-2017 17:41:43','DD-MON-YYYY HH24:MI:SS'),'spadmin',to_date('27-DEC-2017 17:41:44','DD-MON-YYYY HH24:MI:SS'),2,'Y');
Insert into AS_TND (TY_TND,DE_TND,PT_TY_TND,ID_ACNT_LDG,LU_CLS_TND,CD_CNY_ISO_4217,FL_NMB_SRZ_IDN_RQ,FL_AZN_RQ,LU_MTH_AZN,FL_DT_AZN_EP_RQ,IN_WIT_AZN_MXM_ALW,FL_IDTN_RQ_CT,FL_ID_PRSL_RQ,FL_SGNTR_CT_RQ,FL_ACNT_ID_RQ,MO_APVL_TNDFLR_ON,MO_APVL_TNDCE_ON,MO_APVL_TNDFLR_OFF,MO_APVL_TNDCE_OFF,LL_ACPT_TND,LU_ACPT_TND,UL_OVRD_TRGR,FL_PRMS_TND_LON,FL_RST_APLY,FL_AVLB_LCL_CNY,FL_UPDT_RLTM_BLNC,FL_ENDSM_RQ,FL_DRW_OPN_CSH_RQ,MO_TH_TND_CHN,FL_RQ_TND_UN_CNT,FL_RQ_TND_AMT_CNT,FL_POA_TND_ACTPN,FL_MSR_RQ,FL_CHK_ENC,FL_PY_OT_PRMS,ID_PYM_SV_PVR,POS_TND_DCL_ALW,POS_TND_DCL_TYP,POS_TND_DCL_TH_LMT,POS_PY_IN_PRMS_FLG,POS_CRT_BY,POS_CRT_ON,POS_MOD_BY,POS_MOD_ON,TND_PRT,POS_EXTN_TND_FLG) values ('CREDITDEBIT6','Maestro','CreditDebit',null,'CR',null,null,null,null,null,1,null,null,null,null,1,1,1,1,1,1,1,null,null,null,null,null,null,1,'Y',null,null,null,null,null,null,null,null,null,null,'spadmin',to_date('27-DEC-2017 17:29:37','DD-MON-YYYY HH24:MI:SS'),'spadmin',to_date('27-DEC-2017 17:29:38','DD-MON-YYYY HH24:MI:SS'),6,'Y');
Insert into AS_TND (TY_TND,DE_TND,PT_TY_TND,ID_ACNT_LDG,LU_CLS_TND,CD_CNY_ISO_4217,FL_NMB_SRZ_IDN_RQ,FL_AZN_RQ,LU_MTH_AZN,FL_DT_AZN_EP_RQ,IN_WIT_AZN_MXM_ALW,FL_IDTN_RQ_CT,FL_ID_PRSL_RQ,FL_SGNTR_CT_RQ,FL_ACNT_ID_RQ,MO_APVL_TNDFLR_ON,MO_APVL_TNDCE_ON,MO_APVL_TNDFLR_OFF,MO_APVL_TNDCE_OFF,LL_ACPT_TND,LU_ACPT_TND,UL_OVRD_TRGR,FL_PRMS_TND_LON,FL_RST_APLY,FL_AVLB_LCL_CNY,FL_UPDT_RLTM_BLNC,FL_ENDSM_RQ,FL_DRW_OPN_CSH_RQ,MO_TH_TND_CHN,FL_RQ_TND_UN_CNT,FL_RQ_TND_AMT_CNT,FL_POA_TND_ACTPN,FL_MSR_RQ,FL_CHK_ENC,FL_PY_OT_PRMS,ID_PYM_SV_PVR,POS_TND_DCL_ALW,POS_TND_DCL_TYP,POS_TND_DCL_TH_LMT,POS_PY_IN_PRMS_FLG,POS_CRT_BY,POS_CRT_ON,POS_MOD_BY,POS_MOD_ON,TND_PRT,POS_EXTN_TND_FLG) values ('GIFTCARD7','Gift Card IE','GiftCard',null,'SV',null,null,null,null,null,1,null,null,null,null,1,1,1,1,1,1,1,null,null,null,null,null,null,1,'Y',null,null,null,null,null,null,null,null,null,null,'spadmin',to_date('27-DEC-2017 17:34:14','DD-MON-YYYY HH24:MI:SS'),'spadmin',to_date('27-DEC-2017 17:34:15','DD-MON-YYYY HH24:MI:SS'),7,'Y');
Insert into AS_TND (TY_TND,DE_TND,PT_TY_TND,ID_ACNT_LDG,LU_CLS_TND,CD_CNY_ISO_4217,FL_NMB_SRZ_IDN_RQ,FL_AZN_RQ,LU_MTH_AZN,FL_DT_AZN_EP_RQ,IN_WIT_AZN_MXM_ALW,FL_IDTN_RQ_CT,FL_ID_PRSL_RQ,FL_SGNTR_CT_RQ,FL_ACNT_ID_RQ,MO_APVL_TNDFLR_ON,MO_APVL_TNDCE_ON,MO_APVL_TNDFLR_OFF,MO_APVL_TNDCE_OFF,LL_ACPT_TND,LU_ACPT_TND,UL_OVRD_TRGR,FL_PRMS_TND_LON,FL_RST_APLY,FL_AVLB_LCL_CNY,FL_UPDT_RLTM_BLNC,FL_ENDSM_RQ,FL_DRW_OPN_CSH_RQ,MO_TH_TND_CHN,FL_RQ_TND_UN_CNT,FL_RQ_TND_AMT_CNT,FL_POA_TND_ACTPN,FL_MSR_RQ,FL_CHK_ENC,FL_PY_OT_PRMS,ID_PYM_SV_PVR,POS_TND_DCL_ALW,POS_TND_DCL_TYP,POS_TND_DCL_TH_LMT,POS_PY_IN_PRMS_FLG,POS_CRT_BY,POS_CRT_ON,POS_MOD_BY,POS_MOD_ON,TND_PRT,POS_EXTN_TND_FLG) values ('CREDITDEBIT5','Visa Electron','CreditDebit',null,'CR',null,null,null,null,null,1,null,null,null,null,1,1,1,1,1,1,1,null,null,null,null,null,null,1,'Y',null,null,null,null,null,null,null,null,null,null,'spadmin',to_date('27-DEC-2017 17:29:19','DD-MON-YYYY HH24:MI:SS'),'spadmin',to_date('27-DEC-2017 17:29:20','DD-MON-YYYY HH24:MI:SS'),5,'Y');
Insert into AS_TND (TY_TND,DE_TND,PT_TY_TND,ID_ACNT_LDG,LU_CLS_TND,CD_CNY_ISO_4217,FL_NMB_SRZ_IDN_RQ,FL_AZN_RQ,LU_MTH_AZN,FL_DT_AZN_EP_RQ,IN_WIT_AZN_MXM_ALW,FL_IDTN_RQ_CT,FL_ID_PRSL_RQ,FL_SGNTR_CT_RQ,FL_ACNT_ID_RQ,MO_APVL_TNDFLR_ON,MO_APVL_TNDCE_ON,MO_APVL_TNDFLR_OFF,MO_APVL_TNDCE_OFF,LL_ACPT_TND,LU_ACPT_TND,UL_OVRD_TRGR,FL_PRMS_TND_LON,FL_RST_APLY,FL_AVLB_LCL_CNY,FL_UPDT_RLTM_BLNC,FL_ENDSM_RQ,FL_DRW_OPN_CSH_RQ,MO_TH_TND_CHN,FL_RQ_TND_UN_CNT,FL_RQ_TND_AMT_CNT,FL_POA_TND_ACTPN,FL_MSR_RQ,FL_CHK_ENC,FL_PY_OT_PRMS,ID_PYM_SV_PVR,POS_TND_DCL_ALW,POS_TND_DCL_TYP,POS_TND_DCL_TH_LMT,POS_PY_IN_PRMS_FLG,POS_CRT_BY,POS_CRT_ON,POS_MOD_BY,POS_MOD_ON,TND_PRT,POS_EXTN_TND_FLG) values ('GIFTCARD6','CS Goodwill Card','GiftCard',null,'SV',null,null,null,null,null,1,null,null,null,null,1,1,1,1,1,1,1,null,null,null,null,null,null,1,'Y',null,null,null,null,null,null,null,null,null,null,'spadmin',to_date('27-DEC-2017 17:33:48','DD-MON-YYYY HH24:MI:SS'),'spadmin',to_date('27-DEC-2017 17:33:49','DD-MON-YYYY HH24:MI:SS'),6,'Y');
Insert into AS_TND (TY_TND,DE_TND,PT_TY_TND,ID_ACNT_LDG,LU_CLS_TND,CD_CNY_ISO_4217,FL_NMB_SRZ_IDN_RQ,FL_AZN_RQ,LU_MTH_AZN,FL_DT_AZN_EP_RQ,IN_WIT_AZN_MXM_ALW,FL_IDTN_RQ_CT,FL_ID_PRSL_RQ,FL_SGNTR_CT_RQ,FL_ACNT_ID_RQ,MO_APVL_TNDFLR_ON,MO_APVL_TNDCE_ON,MO_APVL_TNDFLR_OFF,MO_APVL_TNDCE_OFF,LL_ACPT_TND,LU_ACPT_TND,UL_OVRD_TRGR,FL_PRMS_TND_LON,FL_RST_APLY,FL_AVLB_LCL_CNY,FL_UPDT_RLTM_BLNC,FL_ENDSM_RQ,FL_DRW_OPN_CSH_RQ,MO_TH_TND_CHN,FL_RQ_TND_UN_CNT,FL_RQ_TND_AMT_CNT,FL_POA_TND_ACTPN,FL_MSR_RQ,FL_CHK_ENC,FL_PY_OT_PRMS,ID_PYM_SV_PVR,POS_TND_DCL_ALW,POS_TND_DCL_TYP,POS_TND_DCL_TH_LMT,POS_PY_IN_PRMS_FLG,POS_CRT_BY,POS_CRT_ON,POS_MOD_BY,POS_MOD_ON,TND_PRT,POS_EXTN_TND_FLG) values ('GIFTCARD8','B2B Card IE','GiftCard',null,'SV',null,null,null,null,null,1,null,null,null,null,1,1,1,1,1,1,1,null,null,null,null,null,null,1,'Y',null,null,null,null,null,null,null,null,null,null,'spadmin',to_date('27-DEC-2017 17:36:03','DD-MON-YYYY HH24:MI:SS'),'spadmin',to_date('27-DEC-2017 17:36:04','DD-MON-YYYY HH24:MI:SS'),8,'Y');
Insert into AS_TND (TY_TND,DE_TND,PT_TY_TND,ID_ACNT_LDG,LU_CLS_TND,CD_CNY_ISO_4217,FL_NMB_SRZ_IDN_RQ,FL_AZN_RQ,LU_MTH_AZN,FL_DT_AZN_EP_RQ,IN_WIT_AZN_MXM_ALW,FL_IDTN_RQ_CT,FL_ID_PRSL_RQ,FL_SGNTR_CT_RQ,FL_ACNT_ID_RQ,MO_APVL_TNDFLR_ON,MO_APVL_TNDCE_ON,MO_APVL_TNDFLR_OFF,MO_APVL_TNDCE_OFF,LL_ACPT_TND,LU_ACPT_TND,UL_OVRD_TRGR,FL_PRMS_TND_LON,FL_RST_APLY,FL_AVLB_LCL_CNY,FL_UPDT_RLTM_BLNC,FL_ENDSM_RQ,FL_DRW_OPN_CSH_RQ,MO_TH_TND_CHN,FL_RQ_TND_UN_CNT,FL_RQ_TND_AMT_CNT,FL_POA_TND_ACTPN,FL_MSR_RQ,FL_CHK_ENC,FL_PY_OT_PRMS,ID_PYM_SV_PVR,POS_TND_DCL_ALW,POS_TND_DCL_TYP,POS_TND_DCL_TH_LMT,POS_PY_IN_PRMS_FLG,POS_CRT_BY,POS_CRT_ON,POS_MOD_BY,POS_MOD_ON,TND_PRT,POS_EXTN_TND_FLG) values ('CREDITDEBIT1','Visa Debit','CreditDebit',null,'CR',null,null,null,null,null,1,null,null,null,null,1,1,1,1,1,1,1,null,null,null,null,null,null,1,'Y',null,null,null,null,null,null,null,null,null,null,'spadmin',to_date('27-DEC-2017 17:27:49','DD-MON-YYYY HH24:MI:SS'),'spadmin',to_date('27-DEC-2017 17:27:50','DD-MON-YYYY HH24:MI:SS'),1,'Y');
Insert into AS_TND (TY_TND,DE_TND,PT_TY_TND,ID_ACNT_LDG,LU_CLS_TND,CD_CNY_ISO_4217,FL_NMB_SRZ_IDN_RQ,FL_AZN_RQ,LU_MTH_AZN,FL_DT_AZN_EP_RQ,IN_WIT_AZN_MXM_ALW,FL_IDTN_RQ_CT,FL_ID_PRSL_RQ,FL_SGNTR_CT_RQ,FL_ACNT_ID_RQ,MO_APVL_TNDFLR_ON,MO_APVL_TNDCE_ON,MO_APVL_TNDFLR_OFF,MO_APVL_TNDCE_OFF,LL_ACPT_TND,LU_ACPT_TND,UL_OVRD_TRGR,FL_PRMS_TND_LON,FL_RST_APLY,FL_AVLB_LCL_CNY,FL_UPDT_RLTM_BLNC,FL_ENDSM_RQ,FL_DRW_OPN_CSH_RQ,MO_TH_TND_CHN,FL_RQ_TND_UN_CNT,FL_RQ_TND_AMT_CNT,FL_POA_TND_ACTPN,FL_MSR_RQ,FL_CHK_ENC,FL_PY_OT_PRMS,ID_PYM_SV_PVR,POS_TND_DCL_ALW,POS_TND_DCL_TYP,POS_TND_DCL_TH_LMT,POS_PY_IN_PRMS_FLG,POS_CRT_BY,POS_CRT_ON,POS_MOD_BY,POS_MOD_ON,TND_PRT,POS_EXTN_TND_FLG) values ('GIFTCARD1','Gift Card UK','GiftCard',null,'SV',null,null,null,null,null,1,null,null,null,null,1,1,1,1,1,1,1,null,null,null,null,null,null,1,'Y',null,null,null,null,null,null,null,null,null,null,'spadmin',to_date('27-DEC-2017 17:32:11','DD-MON-YYYY HH24:MI:SS'),'spadmin',to_date('27-DEC-2017 17:32:12','DD-MON-YYYY HH24:MI:SS'),1,'Y');
Insert into AS_TND (TY_TND,DE_TND,PT_TY_TND,ID_ACNT_LDG,LU_CLS_TND,CD_CNY_ISO_4217,FL_NMB_SRZ_IDN_RQ,FL_AZN_RQ,LU_MTH_AZN,FL_DT_AZN_EP_RQ,IN_WIT_AZN_MXM_ALW,FL_IDTN_RQ_CT,FL_ID_PRSL_RQ,FL_SGNTR_CT_RQ,FL_ACNT_ID_RQ,MO_APVL_TNDFLR_ON,MO_APVL_TNDCE_ON,MO_APVL_TNDFLR_OFF,MO_APVL_TNDCE_OFF,LL_ACPT_TND,LU_ACPT_TND,UL_OVRD_TRGR,FL_PRMS_TND_LON,FL_RST_APLY,FL_AVLB_LCL_CNY,FL_UPDT_RLTM_BLNC,FL_ENDSM_RQ,FL_DRW_OPN_CSH_RQ,MO_TH_TND_CHN,FL_RQ_TND_UN_CNT,FL_RQ_TND_AMT_CNT,FL_POA_TND_ACTPN,FL_MSR_RQ,FL_CHK_ENC,FL_PY_OT_PRMS,ID_PYM_SV_PVR,POS_TND_DCL_ALW,POS_TND_DCL_TYP,POS_TND_DCL_TH_LMT,POS_PY_IN_PRMS_FLG,POS_CRT_BY,POS_CRT_ON,POS_MOD_BY,POS_MOD_ON,TND_PRT,POS_EXTN_TND_FLG) values ('GIFTCARD2','B2B Card','GiftCard',null,'SV',null,null,null,null,null,1,null,null,null,null,1,1,1,1,1,1,1,null,null,null,null,null,null,1,'Y',null,null,null,null,null,null,null,null,null,null,'spadmin',to_date('27-DEC-2017 17:32:32','DD-MON-YYYY HH24:MI:SS'),'spadmin',to_date('27-DEC-2017 17:32:33','DD-MON-YYYY HH24:MI:SS'),2,'Y');
Insert into AS_TND (TY_TND,DE_TND,PT_TY_TND,ID_ACNT_LDG,LU_CLS_TND,CD_CNY_ISO_4217,FL_NMB_SRZ_IDN_RQ,FL_AZN_RQ,LU_MTH_AZN,FL_DT_AZN_EP_RQ,IN_WIT_AZN_MXM_ALW,FL_IDTN_RQ_CT,FL_ID_PRSL_RQ,FL_SGNTR_CT_RQ,FL_ACNT_ID_RQ,MO_APVL_TNDFLR_ON,MO_APVL_TNDCE_ON,MO_APVL_TNDFLR_OFF,MO_APVL_TNDCE_OFF,LL_ACPT_TND,LU_ACPT_TND,UL_OVRD_TRGR,FL_PRMS_TND_LON,FL_RST_APLY,FL_AVLB_LCL_CNY,FL_UPDT_RLTM_BLNC,FL_ENDSM_RQ,FL_DRW_OPN_CSH_RQ,MO_TH_TND_CHN,FL_RQ_TND_UN_CNT,FL_RQ_TND_AMT_CNT,FL_POA_TND_ACTPN,FL_MSR_RQ,FL_CHK_ENC,FL_PY_OT_PRMS,ID_PYM_SV_PVR,POS_TND_DCL_ALW,POS_TND_DCL_TYP,POS_TND_DCL_TH_LMT,POS_PY_IN_PRMS_FLG,POS_CRT_BY,POS_CRT_ON,POS_MOD_BY,POS_MOD_ON,TND_PRT,POS_EXTN_TND_FLG) values ('GIFTCARD3','Decorating Card','GiftCard',null,'SV',null,null,null,null,null,1,null,null,null,null,1,1,1,1,1,1,1,null,null,null,null,null,null,1,'Y',null,null,null,null,null,null,null,null,null,null,'spadmin',to_date('27-DEC-2017 17:32:50','DD-MON-YYYY HH24:MI:SS'),'spadmin',to_date('27-DEC-2017 17:32:51','DD-MON-YYYY HH24:MI:SS'),3,'Y');
Insert into AS_TND (TY_TND,DE_TND,PT_TY_TND,ID_ACNT_LDG,LU_CLS_TND,CD_CNY_ISO_4217,FL_NMB_SRZ_IDN_RQ,FL_AZN_RQ,LU_MTH_AZN,FL_DT_AZN_EP_RQ,IN_WIT_AZN_MXM_ALW,FL_IDTN_RQ_CT,FL_ID_PRSL_RQ,FL_SGNTR_CT_RQ,FL_ACNT_ID_RQ,MO_APVL_TNDFLR_ON,MO_APVL_TNDCE_ON,MO_APVL_TNDFLR_OFF,MO_APVL_TNDCE_OFF,LL_ACPT_TND,LU_ACPT_TND,UL_OVRD_TRGR,FL_PRMS_TND_LON,FL_RST_APLY,FL_AVLB_LCL_CNY,FL_UPDT_RLTM_BLNC,FL_ENDSM_RQ,FL_DRW_OPN_CSH_RQ,MO_TH_TND_CHN,FL_RQ_TND_UN_CNT,FL_RQ_TND_AMT_CNT,FL_POA_TND_ACTPN,FL_MSR_RQ,FL_CHK_ENC,FL_PY_OT_PRMS,ID_PYM_SV_PVR,POS_TND_DCL_ALW,POS_TND_DCL_TYP,POS_TND_DCL_TH_LMT,POS_PY_IN_PRMS_FLG,POS_CRT_BY,POS_CRT_ON,POS_MOD_BY,POS_MOD_ON,TND_PRT,POS_EXTN_TND_FLG) values ('GIFTCARD5','Promotion Card','GiftCard',null,'SV',null,null,null,null,null,1,null,null,null,null,1,1,1,1,1,1,1,null,null,null,null,null,null,1,'Y',null,null,null,null,null,null,null,null,null,null,'spadmin',to_date('27-DEC-2017 17:33:29','DD-MON-YYYY HH24:MI:SS'),'spadmin',to_date('27-DEC-2017 17:33:30','DD-MON-YYYY HH24:MI:SS'),5,'Y');
Insert into AS_TND (TY_TND,DE_TND,PT_TY_TND,ID_ACNT_LDG,LU_CLS_TND,CD_CNY_ISO_4217,FL_NMB_SRZ_IDN_RQ,FL_AZN_RQ,LU_MTH_AZN,FL_DT_AZN_EP_RQ,IN_WIT_AZN_MXM_ALW,FL_IDTN_RQ_CT,FL_ID_PRSL_RQ,FL_SGNTR_CT_RQ,FL_ACNT_ID_RQ,MO_APVL_TNDFLR_ON,MO_APVL_TNDCE_ON,MO_APVL_TNDFLR_OFF,MO_APVL_TNDCE_OFF,LL_ACPT_TND,LU_ACPT_TND,UL_OVRD_TRGR,FL_PRMS_TND_LON,FL_RST_APLY,FL_AVLB_LCL_CNY,FL_UPDT_RLTM_BLNC,FL_ENDSM_RQ,FL_DRW_OPN_CSH_RQ,MO_TH_TND_CHN,FL_RQ_TND_UN_CNT,FL_RQ_TND_AMT_CNT,FL_POA_TND_ACTPN,FL_MSR_RQ,FL_CHK_ENC,FL_PY_OT_PRMS,ID_PYM_SV_PVR,POS_TND_DCL_ALW,POS_TND_DCL_TYP,POS_TND_DCL_TH_LMT,POS_PY_IN_PRMS_FLG,POS_CRT_BY,POS_CRT_ON,POS_MOD_BY,POS_MOD_ON,TND_PRT,POS_EXTN_TND_FLG) values ('VOUCHER1','Compliments Voucher','Voucher',null,'VC',null,null,null,null,null,1,null,null,null,null,1,1,1,1,1,1,1,null,null,null,null,null,null,1,'Y',null,null,null,null,null,null,null,null,null,null,'spadmin',to_date('27-DEC-2017 17:39:20','DD-MON-YYYY HH24:MI:SS'),'spadmin',to_date('27-DEC-2017 17:39:21','DD-MON-YYYY HH24:MI:SS'),1,'Y');
Insert into AS_TND (TY_TND,DE_TND,PT_TY_TND,ID_ACNT_LDG,LU_CLS_TND,CD_CNY_ISO_4217,FL_NMB_SRZ_IDN_RQ,FL_AZN_RQ,LU_MTH_AZN,FL_DT_AZN_EP_RQ,IN_WIT_AZN_MXM_ALW,FL_IDTN_RQ_CT,FL_ID_PRSL_RQ,FL_SGNTR_CT_RQ,FL_ACNT_ID_RQ,MO_APVL_TNDFLR_ON,MO_APVL_TNDCE_ON,MO_APVL_TNDFLR_OFF,MO_APVL_TNDCE_OFF,LL_ACPT_TND,LU_ACPT_TND,UL_OVRD_TRGR,FL_PRMS_TND_LON,FL_RST_APLY,FL_AVLB_LCL_CNY,FL_UPDT_RLTM_BLNC,FL_ENDSM_RQ,FL_DRW_OPN_CSH_RQ,MO_TH_TND_CHN,FL_RQ_TND_UN_CNT,FL_RQ_TND_AMT_CNT,FL_POA_TND_ACTPN,FL_MSR_RQ,FL_CHK_ENC,FL_PY_OT_PRMS,ID_PYM_SV_PVR,POS_TND_DCL_ALW,POS_TND_DCL_TYP,POS_TND_DCL_TH_LMT,POS_PY_IN_PRMS_FLG,POS_CRT_BY,POS_CRT_ON,POS_MOD_BY,POS_MOD_ON,TND_PRT,POS_EXTN_TND_FLG) values ('CREDITDEBIT2','Visa Credit','CreditDebit',null,'CR',null,null,null,null,null,1,null,null,null,null,1,1,1,1,1,1,1,null,null,null,null,null,null,1,'Y',null,null,null,null,null,null,null,null,null,null,'spadmin',to_date('27-DEC-2017 17:28:18','DD-MON-YYYY HH24:MI:SS'),'spadmin',to_date('27-DEC-2017 17:28:19','DD-MON-YYYY HH24:MI:SS'),2,'Y');
Insert into AS_TND (TY_TND,DE_TND,PT_TY_TND,ID_ACNT_LDG,LU_CLS_TND,CD_CNY_ISO_4217,FL_NMB_SRZ_IDN_RQ,FL_AZN_RQ,LU_MTH_AZN,FL_DT_AZN_EP_RQ,IN_WIT_AZN_MXM_ALW,FL_IDTN_RQ_CT,FL_ID_PRSL_RQ,FL_SGNTR_CT_RQ,FL_ACNT_ID_RQ,MO_APVL_TNDFLR_ON,MO_APVL_TNDCE_ON,MO_APVL_TNDFLR_OFF,MO_APVL_TNDCE_OFF,LL_ACPT_TND,LU_ACPT_TND,UL_OVRD_TRGR,FL_PRMS_TND_LON,FL_RST_APLY,FL_AVLB_LCL_CNY,FL_UPDT_RLTM_BLNC,FL_ENDSM_RQ,FL_DRW_OPN_CSH_RQ,MO_TH_TND_CHN,FL_RQ_TND_UN_CNT,FL_RQ_TND_AMT_CNT,FL_POA_TND_ACTPN,FL_MSR_RQ,FL_CHK_ENC,FL_PY_OT_PRMS,ID_PYM_SV_PVR,POS_TND_DCL_ALW,POS_TND_DCL_TYP,POS_TND_DCL_TH_LMT,POS_PY_IN_PRMS_FLG,POS_CRT_BY,POS_CRT_ON,POS_MOD_BY,POS_MOD_ON,TND_PRT,POS_EXTN_TND_FLG) values ('CREDITDEBIT7','Maestro Int','CreditDebit',null,'CR',null,null,null,null,null,1,null,null,null,null,1,1,1,1,1,1,1,null,null,null,null,null,null,1,'Y',null,null,null,null,null,null,null,null,null,null,'spadmin',to_date('27-DEC-2017 17:29:58','DD-MON-YYYY HH24:MI:SS'),'spadmin',to_date('27-DEC-2017 17:29:59','DD-MON-YYYY HH24:MI:SS'),7,'Y');
Insert into AS_TND (TY_TND,DE_TND,PT_TY_TND,ID_ACNT_LDG,LU_CLS_TND,CD_CNY_ISO_4217,FL_NMB_SRZ_IDN_RQ,FL_AZN_RQ,LU_MTH_AZN,FL_DT_AZN_EP_RQ,IN_WIT_AZN_MXM_ALW,FL_IDTN_RQ_CT,FL_ID_PRSL_RQ,FL_SGNTR_CT_RQ,FL_ACNT_ID_RQ,MO_APVL_TNDFLR_ON,MO_APVL_TNDCE_ON,MO_APVL_TNDFLR_OFF,MO_APVL_TNDCE_OFF,LL_ACPT_TND,LU_ACPT_TND,UL_OVRD_TRGR,FL_PRMS_TND_LON,FL_RST_APLY,FL_AVLB_LCL_CNY,FL_UPDT_RLTM_BLNC,FL_ENDSM_RQ,FL_DRW_OPN_CSH_RQ,MO_TH_TND_CHN,FL_RQ_TND_UN_CNT,FL_RQ_TND_AMT_CNT,FL_POA_TND_ACTPN,FL_MSR_RQ,FL_CHK_ENC,FL_PY_OT_PRMS,ID_PYM_SV_PVR,POS_TND_DCL_ALW,POS_TND_DCL_TYP,POS_TND_DCL_TH_LMT,POS_PY_IN_PRMS_FLG,POS_CRT_BY,POS_CRT_ON,POS_MOD_BY,POS_MOD_ON,TND_PRT,POS_EXTN_TND_FLG) values ('Cash','Cash',null,null,'CS',null,'N','N',null,'N',0,'N','N','N','N',0,0,0,0,0,9999999,999999999,'N','N','Y','N','N','Y',500,'Y','Y','N','N','N',1,null,'Y','Summary',5,1,'104',to_date('02-FEB-2013 00:00:00','DD-MON-YYYY HH24:MI:SS'),'104',to_date('13-SEP-2017 18:52:04','DD-MON-YYYY HH24:MI:SS'),null,null);
Insert into AS_TND (TY_TND,DE_TND,PT_TY_TND,ID_ACNT_LDG,LU_CLS_TND,CD_CNY_ISO_4217,FL_NMB_SRZ_IDN_RQ,FL_AZN_RQ,LU_MTH_AZN,FL_DT_AZN_EP_RQ,IN_WIT_AZN_MXM_ALW,FL_IDTN_RQ_CT,FL_ID_PRSL_RQ,FL_SGNTR_CT_RQ,FL_ACNT_ID_RQ,MO_APVL_TNDFLR_ON,MO_APVL_TNDCE_ON,MO_APVL_TNDFLR_OFF,MO_APVL_TNDCE_OFF,LL_ACPT_TND,LU_ACPT_TND,UL_OVRD_TRGR,FL_PRMS_TND_LON,FL_RST_APLY,FL_AVLB_LCL_CNY,FL_UPDT_RLTM_BLNC,FL_ENDSM_RQ,FL_DRW_OPN_CSH_RQ,MO_TH_TND_CHN,FL_RQ_TND_UN_CNT,FL_RQ_TND_AMT_CNT,FL_POA_TND_ACTPN,FL_MSR_RQ,FL_CHK_ENC,FL_PY_OT_PRMS,ID_PYM_SV_PVR,POS_TND_DCL_ALW,POS_TND_DCL_TYP,POS_TND_DCL_TH_LMT,POS_PY_IN_PRMS_FLG,POS_CRT_BY,POS_CRT_ON,POS_MOD_BY,POS_MOD_ON,TND_PRT,POS_EXTN_TND_FLG) values ('StoreVoucher','Store Credit',null,null,'SV',null,'Y','Y',null,'Y',0,'N','N','N','Y',0,0,0,0,5,9999999,999999999,'N','N','N','N','N','N',0,'N','N','N','N','N',null,null,null,null,null,null,'104',to_date('02-FEB-2013 00:00:00','DD-MON-YYYY HH24:MI:SS'),'104',to_date('13-SEP-2017 18:52:04','DD-MON-YYYY HH24:MI:SS'),null,null);
Insert into AS_TND (TY_TND,DE_TND,PT_TY_TND,ID_ACNT_LDG,LU_CLS_TND,CD_CNY_ISO_4217,FL_NMB_SRZ_IDN_RQ,FL_AZN_RQ,LU_MTH_AZN,FL_DT_AZN_EP_RQ,IN_WIT_AZN_MXM_ALW,FL_IDTN_RQ_CT,FL_ID_PRSL_RQ,FL_SGNTR_CT_RQ,FL_ACNT_ID_RQ,MO_APVL_TNDFLR_ON,MO_APVL_TNDCE_ON,MO_APVL_TNDFLR_OFF,MO_APVL_TNDCE_OFF,LL_ACPT_TND,LU_ACPT_TND,UL_OVRD_TRGR,FL_PRMS_TND_LON,FL_RST_APLY,FL_AVLB_LCL_CNY,FL_UPDT_RLTM_BLNC,FL_ENDSM_RQ,FL_DRW_OPN_CSH_RQ,MO_TH_TND_CHN,FL_RQ_TND_UN_CNT,FL_RQ_TND_AMT_CNT,FL_POA_TND_ACTPN,FL_MSR_RQ,FL_CHK_ENC,FL_PY_OT_PRMS,ID_PYM_SV_PVR,POS_TND_DCL_ALW,POS_TND_DCL_TYP,POS_TND_DCL_TH_LMT,POS_PY_IN_PRMS_FLG,POS_CRT_BY,POS_CRT_ON,POS_MOD_BY,POS_MOD_ON,TND_PRT,POS_EXTN_TND_FLG) values ('Coupon','Coupon',null,null,'CP',null,'Y','N',null,'Y',5,'N','N','N','N',0,0,0,0,0,9999999,999999999,'N','Y','N','N','N','N',0,'N','Y','N','N','N',null,null,null,null,null,null,'104',to_date('02-FEB-2013 00:00:00','DD-MON-YYYY HH24:MI:SS'),'104',to_date('13-SEP-2017 18:52:04','DD-MON-YYYY HH24:MI:SS'),null,null);
Insert into AS_TND (TY_TND,DE_TND,PT_TY_TND,ID_ACNT_LDG,LU_CLS_TND,CD_CNY_ISO_4217,FL_NMB_SRZ_IDN_RQ,FL_AZN_RQ,LU_MTH_AZN,FL_DT_AZN_EP_RQ,IN_WIT_AZN_MXM_ALW,FL_IDTN_RQ_CT,FL_ID_PRSL_RQ,FL_SGNTR_CT_RQ,FL_ACNT_ID_RQ,MO_APVL_TNDFLR_ON,MO_APVL_TNDCE_ON,MO_APVL_TNDFLR_OFF,MO_APVL_TNDCE_OFF,LL_ACPT_TND,LU_ACPT_TND,UL_OVRD_TRGR,FL_PRMS_TND_LON,FL_RST_APLY,FL_AVLB_LCL_CNY,FL_UPDT_RLTM_BLNC,FL_ENDSM_RQ,FL_DRW_OPN_CSH_RQ,MO_TH_TND_CHN,FL_RQ_TND_UN_CNT,FL_RQ_TND_AMT_CNT,FL_POA_TND_ACTPN,FL_MSR_RQ,FL_CHK_ENC,FL_PY_OT_PRMS,ID_PYM_SV_PVR,POS_TND_DCL_ALW,POS_TND_DCL_TYP,POS_TND_DCL_TH_LMT,POS_PY_IN_PRMS_FLG,POS_CRT_BY,POS_CRT_ON,POS_MOD_BY,POS_MOD_ON,TND_PRT,POS_EXTN_TND_FLG) values ('Loan','Loan',null,null,'OT',null,'Y','N',null,'Y',5,'N','N','N','N',0,0,0,0,0,9999999,999999999,'N','Y','N','N','N','N',0,'N','Y','N','N','N',null,null,null,null,null,null,'104',to_date('02-FEB-2013 00:00:00','DD-MON-YYYY HH24:MI:SS'),'104',to_date('13-SEP-2017 18:52:04','DD-MON-YYYY HH24:MI:SS'),null,null);
Insert into AS_TND (TY_TND,DE_TND,PT_TY_TND,ID_ACNT_LDG,LU_CLS_TND,CD_CNY_ISO_4217,FL_NMB_SRZ_IDN_RQ,FL_AZN_RQ,LU_MTH_AZN,FL_DT_AZN_EP_RQ,IN_WIT_AZN_MXM_ALW,FL_IDTN_RQ_CT,FL_ID_PRSL_RQ,FL_SGNTR_CT_RQ,FL_ACNT_ID_RQ,MO_APVL_TNDFLR_ON,MO_APVL_TNDCE_ON,MO_APVL_TNDFLR_OFF,MO_APVL_TNDCE_OFF,LL_ACPT_TND,LU_ACPT_TND,UL_OVRD_TRGR,FL_PRMS_TND_LON,FL_RST_APLY,FL_AVLB_LCL_CNY,FL_UPDT_RLTM_BLNC,FL_ENDSM_RQ,FL_DRW_OPN_CSH_RQ,MO_TH_TND_CHN,FL_RQ_TND_UN_CNT,FL_RQ_TND_AMT_CNT,FL_POA_TND_ACTPN,FL_MSR_RQ,FL_CHK_ENC,FL_PY_OT_PRMS,ID_PYM_SV_PVR,POS_TND_DCL_ALW,POS_TND_DCL_TYP,POS_TND_DCL_TH_LMT,POS_PY_IN_PRMS_FLG,POS_CRT_BY,POS_CRT_ON,POS_MOD_BY,POS_MOD_ON,TND_PRT,POS_EXTN_TND_FLG) values ('CREDITDEBIT3','Mastercard Debit','CreditDebit',null,'CR',null,null,null,null,null,1,null,null,null,null,1,1,1,1,1,1,1,null,null,null,null,null,null,1,'Y',null,null,null,null,null,null,null,null,null,null,'spadmin',to_date('27-DEC-2017 17:28:37','DD-MON-YYYY HH24:MI:SS'),'spadmin',to_date('27-DEC-2017 17:28:38','DD-MON-YYYY HH24:MI:SS'),3,'Y');
Insert into AS_TND (TY_TND,DE_TND,PT_TY_TND,ID_ACNT_LDG,LU_CLS_TND,CD_CNY_ISO_4217,FL_NMB_SRZ_IDN_RQ,FL_AZN_RQ,LU_MTH_AZN,FL_DT_AZN_EP_RQ,IN_WIT_AZN_MXM_ALW,FL_IDTN_RQ_CT,FL_ID_PRSL_RQ,FL_SGNTR_CT_RQ,FL_ACNT_ID_RQ,MO_APVL_TNDFLR_ON,MO_APVL_TNDCE_ON,MO_APVL_TNDFLR_OFF,MO_APVL_TNDCE_OFF,LL_ACPT_TND,LU_ACPT_TND,UL_OVRD_TRGR,FL_PRMS_TND_LON,FL_RST_APLY,FL_AVLB_LCL_CNY,FL_UPDT_RLTM_BLNC,FL_ENDSM_RQ,FL_DRW_OPN_CSH_RQ,MO_TH_TND_CHN,FL_RQ_TND_UN_CNT,FL_RQ_TND_AMT_CNT,FL_POA_TND_ACTPN,FL_MSR_RQ,FL_CHK_ENC,FL_PY_OT_PRMS,ID_PYM_SV_PVR,POS_TND_DCL_ALW,POS_TND_DCL_TYP,POS_TND_DCL_TH_LMT,POS_PY_IN_PRMS_FLG,POS_CRT_BY,POS_CRT_ON,POS_MOD_BY,POS_MOD_ON,TND_PRT,POS_EXTN_TND_FLG) values ('CREDITDEBIT4','Mastercard Credit','CreditDebit',null,'CR',null,null,null,null,null,1,null,null,null,null,1,1,1,1,1,1,1,null,null,null,null,null,null,1,'Y',null,null,null,null,null,null,null,null,null,null,'spadmin',to_date('27-DEC-2017 17:28:55','DD-MON-YYYY HH24:MI:SS'),'spadmin',to_date('27-DEC-2017 17:28:56','DD-MON-YYYY HH24:MI:SS'),4,'Y');
Insert into AS_TND (TY_TND,DE_TND,PT_TY_TND,ID_ACNT_LDG,LU_CLS_TND,CD_CNY_ISO_4217,FL_NMB_SRZ_IDN_RQ,FL_AZN_RQ,LU_MTH_AZN,FL_DT_AZN_EP_RQ,IN_WIT_AZN_MXM_ALW,FL_IDTN_RQ_CT,FL_ID_PRSL_RQ,FL_SGNTR_CT_RQ,FL_ACNT_ID_RQ,MO_APVL_TNDFLR_ON,MO_APVL_TNDCE_ON,MO_APVL_TNDFLR_OFF,MO_APVL_TNDCE_OFF,LL_ACPT_TND,LU_ACPT_TND,UL_OVRD_TRGR,FL_PRMS_TND_LON,FL_RST_APLY,FL_AVLB_LCL_CNY,FL_UPDT_RLTM_BLNC,FL_ENDSM_RQ,FL_DRW_OPN_CSH_RQ,MO_TH_TND_CHN,FL_RQ_TND_UN_CNT,FL_RQ_TND_AMT_CNT,FL_POA_TND_ACTPN,FL_MSR_RQ,FL_CHK_ENC,FL_PY_OT_PRMS,ID_PYM_SV_PVR,POS_TND_DCL_ALW,POS_TND_DCL_TYP,POS_TND_DCL_TH_LMT,POS_PY_IN_PRMS_FLG,POS_CRT_BY,POS_CRT_ON,POS_MOD_BY,POS_MOD_ON,TND_PRT,POS_EXTN_TND_FLG) values ('CREDITDEBIT8','Visa Purchase','CreditDebit',null,'CR',null,null,null,null,null,1,null,null,null,null,1,1,1,1,1,1,1,null,null,null,null,null,null,1,'Y',null,null,null,null,null,null,null,null,null,null,'spadmin',to_date('27-DEC-2017 17:30:22','DD-MON-YYYY HH24:MI:SS'),'spadmin',to_date('27-DEC-2017 17:30:23','DD-MON-YYYY HH24:MI:SS'),8,'Y');
Insert into AS_TND (TY_TND,DE_TND,PT_TY_TND,ID_ACNT_LDG,LU_CLS_TND,CD_CNY_ISO_4217,FL_NMB_SRZ_IDN_RQ,FL_AZN_RQ,LU_MTH_AZN,FL_DT_AZN_EP_RQ,IN_WIT_AZN_MXM_ALW,FL_IDTN_RQ_CT,FL_ID_PRSL_RQ,FL_SGNTR_CT_RQ,FL_ACNT_ID_RQ,MO_APVL_TNDFLR_ON,MO_APVL_TNDCE_ON,MO_APVL_TNDFLR_OFF,MO_APVL_TNDCE_OFF,LL_ACPT_TND,LU_ACPT_TND,UL_OVRD_TRGR,FL_PRMS_TND_LON,FL_RST_APLY,FL_AVLB_LCL_CNY,FL_UPDT_RLTM_BLNC,FL_ENDSM_RQ,FL_DRW_OPN_CSH_RQ,MO_TH_TND_CHN,FL_RQ_TND_UN_CNT,FL_RQ_TND_AMT_CNT,FL_POA_TND_ACTPN,FL_MSR_RQ,FL_CHK_ENC,FL_PY_OT_PRMS,ID_PYM_SV_PVR,POS_TND_DCL_ALW,POS_TND_DCL_TYP,POS_TND_DCL_TH_LMT,POS_PY_IN_PRMS_FLG,POS_CRT_BY,POS_CRT_ON,POS_MOD_BY,POS_MOD_ON,TND_PRT,POS_EXTN_TND_FLG) values ('CREDITDEBIT9','Trade UK','CreditDebit',null,'CR',null,null,null,null,null,1,null,null,null,null,1,1,1,1,1,1,1,null,null,null,null,null,null,1,'Y',null,null,null,null,null,null,null,null,null,null,'spadmin',to_date('27-DEC-2017 17:30:40','DD-MON-YYYY HH24:MI:SS'),'spadmin',to_date('27-DEC-2017 17:30:41','DD-MON-YYYY HH24:MI:SS'),9,'Y');
Insert into AS_TND (TY_TND,DE_TND,PT_TY_TND,ID_ACNT_LDG,LU_CLS_TND,CD_CNY_ISO_4217,FL_NMB_SRZ_IDN_RQ,FL_AZN_RQ,LU_MTH_AZN,FL_DT_AZN_EP_RQ,IN_WIT_AZN_MXM_ALW,FL_IDTN_RQ_CT,FL_ID_PRSL_RQ,FL_SGNTR_CT_RQ,FL_ACNT_ID_RQ,MO_APVL_TNDFLR_ON,MO_APVL_TNDCE_ON,MO_APVL_TNDFLR_OFF,MO_APVL_TNDCE_OFF,LL_ACPT_TND,LU_ACPT_TND,UL_OVRD_TRGR,FL_PRMS_TND_LON,FL_RST_APLY,FL_AVLB_LCL_CNY,FL_UPDT_RLTM_BLNC,FL_ENDSM_RQ,FL_DRW_OPN_CSH_RQ,MO_TH_TND_CHN,FL_RQ_TND_UN_CNT,FL_RQ_TND_AMT_CNT,FL_POA_TND_ACTPN,FL_MSR_RQ,FL_CHK_ENC,FL_PY_OT_PRMS,ID_PYM_SV_PVR,POS_TND_DCL_ALW,POS_TND_DCL_TYP,POS_TND_DCL_TH_LMT,POS_PY_IN_PRMS_FLG,POS_CRT_BY,POS_CRT_ON,POS_MOD_BY,POS_MOD_ON,TND_PRT,POS_EXTN_TND_FLG) values ('GIFTCARD4','Store Goodwill Card','GiftCard',null,'SV',null,null,null,null,null,1,null,null,null,null,1,1,1,1,1,1,1,null,null,null,null,null,null,1,'Y',null,null,null,null,null,null,null,null,null,null,'spadmin',to_date('27-DEC-2017 17:33:09','DD-MON-YYYY HH24:MI:SS'),'spadmin',to_date('27-DEC-2017 17:33:10','DD-MON-YYYY HH24:MI:SS'),4,'Y');
Insert into AS_TND (TY_TND,DE_TND,PT_TY_TND,ID_ACNT_LDG,LU_CLS_TND,CD_CNY_ISO_4217,FL_NMB_SRZ_IDN_RQ,FL_AZN_RQ,LU_MTH_AZN,FL_DT_AZN_EP_RQ,IN_WIT_AZN_MXM_ALW,FL_IDTN_RQ_CT,FL_ID_PRSL_RQ,FL_SGNTR_CT_RQ,FL_ACNT_ID_RQ,MO_APVL_TNDFLR_ON,MO_APVL_TNDCE_ON,MO_APVL_TNDFLR_OFF,MO_APVL_TNDCE_OFF,LL_ACPT_TND,LU_ACPT_TND,UL_OVRD_TRGR,FL_PRMS_TND_LON,FL_RST_APLY,FL_AVLB_LCL_CNY,FL_UPDT_RLTM_BLNC,FL_ENDSM_RQ,FL_DRW_OPN_CSH_RQ,MO_TH_TND_CHN,FL_RQ_TND_UN_CNT,FL_RQ_TND_AMT_CNT,FL_POA_TND_ACTPN,FL_MSR_RQ,FL_CHK_ENC,FL_PY_OT_PRMS,ID_PYM_SV_PVR,POS_TND_DCL_ALW,POS_TND_DCL_TYP,POS_TND_DCL_TH_LMT,POS_PY_IN_PRMS_FLG,POS_CRT_BY,POS_CRT_ON,POS_MOD_BY,POS_MOD_ON,TND_PRT,POS_EXTN_TND_FLG) values ('GIFTCARD9','Decorating Card IE','GiftCard',null,'SV',null,null,null,null,null,1,null,null,null,null,1,1,1,1,1,1,1,null,null,null,null,null,null,1,'Y',null,null,null,null,null,null,null,null,null,null,'spadmin',to_date('27-DEC-2017 17:36:20','DD-MON-YYYY HH24:MI:SS'),'spadmin',to_date('27-DEC-2017 17:36:21','DD-MON-YYYY HH24:MI:SS'),9,'Y');
Insert into AS_TND (TY_TND,DE_TND,PT_TY_TND,ID_ACNT_LDG,LU_CLS_TND,CD_CNY_ISO_4217,FL_NMB_SRZ_IDN_RQ,FL_AZN_RQ,LU_MTH_AZN,FL_DT_AZN_EP_RQ,IN_WIT_AZN_MXM_ALW,FL_IDTN_RQ_CT,FL_ID_PRSL_RQ,FL_SGNTR_CT_RQ,FL_ACNT_ID_RQ,MO_APVL_TNDFLR_ON,MO_APVL_TNDCE_ON,MO_APVL_TNDFLR_OFF,MO_APVL_TNDCE_OFF,LL_ACPT_TND,LU_ACPT_TND,UL_OVRD_TRGR,FL_PRMS_TND_LON,FL_RST_APLY,FL_AVLB_LCL_CNY,FL_UPDT_RLTM_BLNC,FL_ENDSM_RQ,FL_DRW_OPN_CSH_RQ,MO_TH_TND_CHN,FL_RQ_TND_UN_CNT,FL_RQ_TND_AMT_CNT,FL_POA_TND_ACTPN,FL_MSR_RQ,FL_CHK_ENC,FL_PY_OT_PRMS,ID_PYM_SV_PVR,POS_TND_DCL_ALW,POS_TND_DCL_TYP,POS_TND_DCL_TH_LMT,POS_PY_IN_PRMS_FLG,POS_CRT_BY,POS_CRT_ON,POS_MOD_BY,POS_MOD_ON,TND_PRT,POS_EXTN_TND_FLG) values ('GIFTCARD11','Promotion Card IE','GiftCard',null,'SV',null,null,null,null,null,1,null,null,null,null,1,1,1,1,1,1,1,null,null,null,null,null,null,1,'Y',null,null,null,null,null,null,null,null,null,null,'spadmin',to_date('27-DEC-2017 17:37:40','DD-MON-YYYY HH24:MI:SS'),'spadmin',to_date('27-DEC-2017 17:37:41','DD-MON-YYYY HH24:MI:SS'),11,'Y');
Insert into AS_TND (TY_TND,DE_TND,PT_TY_TND,ID_ACNT_LDG,LU_CLS_TND,CD_CNY_ISO_4217,FL_NMB_SRZ_IDN_RQ,FL_AZN_RQ,LU_MTH_AZN,FL_DT_AZN_EP_RQ,IN_WIT_AZN_MXM_ALW,FL_IDTN_RQ_CT,FL_ID_PRSL_RQ,FL_SGNTR_CT_RQ,FL_ACNT_ID_RQ,MO_APVL_TNDFLR_ON,MO_APVL_TNDCE_ON,MO_APVL_TNDFLR_OFF,MO_APVL_TNDCE_OFF,LL_ACPT_TND,LU_ACPT_TND,UL_OVRD_TRGR,FL_PRMS_TND_LON,FL_RST_APLY,FL_AVLB_LCL_CNY,FL_UPDT_RLTM_BLNC,FL_ENDSM_RQ,FL_DRW_OPN_CSH_RQ,MO_TH_TND_CHN,FL_RQ_TND_UN_CNT,FL_RQ_TND_AMT_CNT,FL_POA_TND_ACTPN,FL_MSR_RQ,FL_CHK_ENC,FL_PY_OT_PRMS,ID_PYM_SV_PVR,POS_TND_DCL_ALW,POS_TND_DCL_TYP,POS_TND_DCL_TH_LMT,POS_PY_IN_PRMS_FLG,POS_CRT_BY,POS_CRT_ON,POS_MOD_BY,POS_MOD_ON,TND_PRT,POS_EXTN_TND_FLG) values ('GIFTCARD12','CS Goodwill Card IE','GiftCard',null,'SV',null,null,null,null,null,1,null,null,null,null,1,1,1,1,1,1,1,null,null,null,null,null,null,1,'Y',null,null,null,null,null,null,null,null,null,null,'spadmin',to_date('27-DEC-2017 17:38:00','DD-MON-YYYY HH24:MI:SS'),'spadmin',to_date('27-DEC-2017 17:38:01','DD-MON-YYYY HH24:MI:SS'),12,'Y');
Insert into AS_TND (TY_TND,DE_TND,PT_TY_TND,ID_ACNT_LDG,LU_CLS_TND,CD_CNY_ISO_4217,FL_NMB_SRZ_IDN_RQ,FL_AZN_RQ,LU_MTH_AZN,FL_DT_AZN_EP_RQ,IN_WIT_AZN_MXM_ALW,FL_IDTN_RQ_CT,FL_ID_PRSL_RQ,FL_SGNTR_CT_RQ,FL_ACNT_ID_RQ,MO_APVL_TNDFLR_ON,MO_APVL_TNDCE_ON,MO_APVL_TNDFLR_OFF,MO_APVL_TNDCE_OFF,LL_ACPT_TND,LU_ACPT_TND,UL_OVRD_TRGR,FL_PRMS_TND_LON,FL_RST_APLY,FL_AVLB_LCL_CNY,FL_UPDT_RLTM_BLNC,FL_ENDSM_RQ,FL_DRW_OPN_CSH_RQ,MO_TH_TND_CHN,FL_RQ_TND_UN_CNT,FL_RQ_TND_AMT_CNT,FL_POA_TND_ACTPN,FL_MSR_RQ,FL_CHK_ENC,FL_PY_OT_PRMS,ID_PYM_SV_PVR,POS_TND_DCL_ALW,POS_TND_DCL_TYP,POS_TND_DCL_TH_LMT,POS_PY_IN_PRMS_FLG,POS_CRT_BY,POS_CRT_ON,POS_MOD_BY,POS_MOD_ON,TND_PRT,POS_EXTN_TND_FLG) values ('VOUCHER4','Decorating Voucher','Voucher',null,'VC',null,null,null,null,null,1,null,null,null,null,1,1,1,1,1,1,1,null,null,null,null,null,null,1,'Y',null,null,null,null,null,null,null,null,null,null,'spadmin',to_date('27-DEC-2017 17:40:25','DD-MON-YYYY HH24:MI:SS'),'spadmin',to_date('27-DEC-2017 17:40:26','DD-MON-YYYY HH24:MI:SS'),4,'Y');
Insert into AS_TND (TY_TND,DE_TND,PT_TY_TND,ID_ACNT_LDG,LU_CLS_TND,CD_CNY_ISO_4217,FL_NMB_SRZ_IDN_RQ,FL_AZN_RQ,LU_MTH_AZN,FL_DT_AZN_EP_RQ,IN_WIT_AZN_MXM_ALW,FL_IDTN_RQ_CT,FL_ID_PRSL_RQ,FL_SGNTR_CT_RQ,FL_ACNT_ID_RQ,MO_APVL_TNDFLR_ON,MO_APVL_TNDCE_ON,MO_APVL_TNDFLR_OFF,MO_APVL_TNDCE_OFF,LL_ACPT_TND,LU_ACPT_TND,UL_OVRD_TRGR,FL_PRMS_TND_LON,FL_RST_APLY,FL_AVLB_LCL_CNY,FL_UPDT_RLTM_BLNC,FL_ENDSM_RQ,FL_DRW_OPN_CSH_RQ,MO_TH_TND_CHN,FL_RQ_TND_UN_CNT,FL_RQ_TND_AMT_CNT,FL_POA_TND_ACTPN,FL_MSR_RQ,FL_CHK_ENC,FL_PY_OT_PRMS,ID_PYM_SV_PVR,POS_TND_DCL_ALW,POS_TND_DCL_TYP,POS_TND_DCL_TH_LMT,POS_PY_IN_PRMS_FLG,POS_CRT_BY,POS_CRT_ON,POS_MOD_BY,POS_MOD_ON,TND_PRT,POS_EXTN_TND_FLG) values ('Check','Check',null,null,'CQ',null,'Y','Y',null,'Y',120,'Y','N','Y','Y',10,500,0,0,10,9999999,999999999,'N','N','N','N','Y','N',0,'N','Y','N','N','Y',null,null,null,null,null,null,'104',to_date('02-FEB-2013 00:00:00','DD-MON-YYYY HH24:MI:SS'),'104',to_date('13-SEP-2017 18:52:04','DD-MON-YYYY HH24:MI:SS'),null,null);
Insert into AS_TND (TY_TND,DE_TND,PT_TY_TND,ID_ACNT_LDG,LU_CLS_TND,CD_CNY_ISO_4217,FL_NMB_SRZ_IDN_RQ,FL_AZN_RQ,LU_MTH_AZN,FL_DT_AZN_EP_RQ,IN_WIT_AZN_MXM_ALW,FL_IDTN_RQ_CT,FL_ID_PRSL_RQ,FL_SGNTR_CT_RQ,FL_ACNT_ID_RQ,MO_APVL_TNDFLR_ON,MO_APVL_TNDCE_ON,MO_APVL_TNDFLR_OFF,MO_APVL_TNDCE_OFF,LL_ACPT_TND,LU_ACPT_TND,UL_OVRD_TRGR,FL_PRMS_TND_LON,FL_RST_APLY,FL_AVLB_LCL_CNY,FL_UPDT_RLTM_BLNC,FL_ENDSM_RQ,FL_DRW_OPN_CSH_RQ,MO_TH_TND_CHN,FL_RQ_TND_UN_CNT,FL_RQ_TND_AMT_CNT,FL_POA_TND_ACTPN,FL_MSR_RQ,FL_CHK_ENC,FL_PY_OT_PRMS,ID_PYM_SV_PVR,POS_TND_DCL_ALW,POS_TND_DCL_TYP,POS_TND_DCL_TH_LMT,POS_PY_IN_PRMS_FLG,POS_CRT_BY,POS_CRT_ON,POS_MOD_BY,POS_MOD_ON,TND_PRT,POS_EXTN_TND_FLG) values ('CreditDebit','CreditDebit',null,null,'CR',null,'Y','N',null,'Y',120,'N','Y','Y','N',10,0,5,5,5,9999999,999999999,'N','N','N','Y','Y','N',0,'N','N','N','Y','N',null,null,null,null,null,null,'104',to_date('02-FEB-2013 00:00:00','DD-MON-YYYY HH24:MI:SS'),'104',to_date('13-SEP-2017 18:52:04','DD-MON-YYYY HH24:MI:SS'),null,null);
Insert into AS_TND (TY_TND,DE_TND,PT_TY_TND,ID_ACNT_LDG,LU_CLS_TND,CD_CNY_ISO_4217,FL_NMB_SRZ_IDN_RQ,FL_AZN_RQ,LU_MTH_AZN,FL_DT_AZN_EP_RQ,IN_WIT_AZN_MXM_ALW,FL_IDTN_RQ_CT,FL_ID_PRSL_RQ,FL_SGNTR_CT_RQ,FL_ACNT_ID_RQ,MO_APVL_TNDFLR_ON,MO_APVL_TNDCE_ON,MO_APVL_TNDFLR_OFF,MO_APVL_TNDCE_OFF,LL_ACPT_TND,LU_ACPT_TND,UL_OVRD_TRGR,FL_PRMS_TND_LON,FL_RST_APLY,FL_AVLB_LCL_CNY,FL_UPDT_RLTM_BLNC,FL_ENDSM_RQ,FL_DRW_OPN_CSH_RQ,MO_TH_TND_CHN,FL_RQ_TND_UN_CNT,FL_RQ_TND_AMT_CNT,FL_POA_TND_ACTPN,FL_MSR_RQ,FL_CHK_ENC,FL_PY_OT_PRMS,ID_PYM_SV_PVR,POS_TND_DCL_ALW,POS_TND_DCL_TYP,POS_TND_DCL_TH_LMT,POS_PY_IN_PRMS_FLG,POS_CRT_BY,POS_CRT_ON,POS_MOD_BY,POS_MOD_ON,TND_PRT,POS_EXTN_TND_FLG) values ('GiftCard','GiftCard',null,null,'SV',null,'Y','N',null,'Y',120,'N','N','Y','N',0,0,0,0,0,9999999,999999999,'N','Y','N','Y','Y','N',0,'N','N','N','Y','N',null,null,null,null,null,null,'104',to_date('02-FEB-2013 00:00:00','DD-MON-YYYY HH24:MI:SS'),'104',to_date('13-SEP-2017 18:52:04','DD-MON-YYYY HH24:MI:SS'),null,null);
Insert into AS_TND (TY_TND,DE_TND,PT_TY_TND,ID_ACNT_LDG,LU_CLS_TND,CD_CNY_ISO_4217,FL_NMB_SRZ_IDN_RQ,FL_AZN_RQ,LU_MTH_AZN,FL_DT_AZN_EP_RQ,IN_WIT_AZN_MXM_ALW,FL_IDTN_RQ_CT,FL_ID_PRSL_RQ,FL_SGNTR_CT_RQ,FL_ACNT_ID_RQ,MO_APVL_TNDFLR_ON,MO_APVL_TNDCE_ON,MO_APVL_TNDFLR_OFF,MO_APVL_TNDCE_OFF,LL_ACPT_TND,LU_ACPT_TND,UL_OVRD_TRGR,FL_PRMS_TND_LON,FL_RST_APLY,FL_AVLB_LCL_CNY,FL_UPDT_RLTM_BLNC,FL_ENDSM_RQ,FL_DRW_OPN_CSH_RQ,MO_TH_TND_CHN,FL_RQ_TND_UN_CNT,FL_RQ_TND_AMT_CNT,FL_POA_TND_ACTPN,FL_MSR_RQ,FL_CHK_ENC,FL_PY_OT_PRMS,ID_PYM_SV_PVR,POS_TND_DCL_ALW,POS_TND_DCL_TYP,POS_TND_DCL_TH_LMT,POS_PY_IN_PRMS_FLG,POS_CRT_BY,POS_CRT_ON,POS_MOD_BY,POS_MOD_ON,TND_PRT,POS_EXTN_TND_FLG) values ('Loyalty','Loyalty',null,null,'OT',null,'Y','N',null,'Y',120,'Y','N','Y','N',0,0,0,0,0,9999999,999999999,'N','N','N','Y','Y','N',0,'N','N','N','N','N',null,null,null,null,null,null,'104',to_date('02-FEB-2013 00:00:00','DD-MON-YYYY HH24:MI:SS'),'104',to_date('13-SEP-2017 18:52:04','DD-MON-YYYY HH24:MI:SS'),null,null);
Insert into AS_TND (TY_TND,DE_TND,PT_TY_TND,ID_ACNT_LDG,LU_CLS_TND,CD_CNY_ISO_4217,FL_NMB_SRZ_IDN_RQ,FL_AZN_RQ,LU_MTH_AZN,FL_DT_AZN_EP_RQ,IN_WIT_AZN_MXM_ALW,FL_IDTN_RQ_CT,FL_ID_PRSL_RQ,FL_SGNTR_CT_RQ,FL_ACNT_ID_RQ,MO_APVL_TNDFLR_ON,MO_APVL_TNDCE_ON,MO_APVL_TNDFLR_OFF,MO_APVL_TNDCE_OFF,LL_ACPT_TND,LU_ACPT_TND,UL_OVRD_TRGR,FL_PRMS_TND_LON,FL_RST_APLY,FL_AVLB_LCL_CNY,FL_UPDT_RLTM_BLNC,FL_ENDSM_RQ,FL_DRW_OPN_CSH_RQ,MO_TH_TND_CHN,FL_RQ_TND_UN_CNT,FL_RQ_TND_AMT_CNT,FL_POA_TND_ACTPN,FL_MSR_RQ,FL_CHK_ENC,FL_PY_OT_PRMS,ID_PYM_SV_PVR,POS_TND_DCL_ALW,POS_TND_DCL_TYP,POS_TND_DCL_TH_LMT,POS_PY_IN_PRMS_FLG,POS_CRT_BY,POS_CRT_ON,POS_MOD_BY,POS_MOD_ON,TND_PRT,POS_EXTN_TND_FLG) values ('Voucher','Voucher',null,null,'VC',null,'Y','N',null,'Y',0,'N','N','N','N',0,0,0,0,0,9999999,999999999,'N','N','N','N','N','N',100,'N','Y','N','N','N',null,null,null,null,null,null,'104',to_date('02-FEB-2013 00:00:00','DD-MON-YYYY HH24:MI:SS'),'104',to_date('13-SEP-2017 18:52:04','DD-MON-YYYY HH24:MI:SS'),null,null);



------I8_TND---------------------------



Insert into I8_TND (ID_LGE,TY_TND,DE_TND,POS_CRT_ON,POS_MOD_ON) values ('eng','Cash','Cash','2013-02-02 00:00:00', '2013-02-02 00:00:00');
Insert into I8_TND (ID_LGE,TY_TND,DE_TND,POS_CRT_ON,POS_MOD_ON) values ('eng','Check','Check','2013-02-02 00:00:00', '2013-02-02 00:00:00');
Insert into I8_TND (ID_LGE,TY_TND,DE_TND,POS_CRT_ON,POS_MOD_ON) values ('eng','Coupon','Coupon','2013-02-02 00:00:00', '2013-02-02 00:00:00');
Insert into I8_TND (ID_LGE,TY_TND,DE_TND,POS_CRT_ON,POS_MOD_ON) values ('eng','CreditDebit','CreditDebit','2013-02-02 00:00:00', '2013-02-02 00:00:00');
Insert into I8_TND (ID_LGE,TY_TND,DE_TND,POS_CRT_ON,POS_MOD_ON) values ('eng','GiftCard','GiftCard','2013-02-02 00:00:00', '2013-02-02 00:00:00');
Insert into I8_TND (ID_LGE,TY_TND,DE_TND,POS_CRT_ON,POS_MOD_ON) values ('eng','Loan','Loan','2013-02-02 00:00:00', '2013-02-02 00:00:00');
Insert into I8_TND (ID_LGE,TY_TND,DE_TND,POS_CRT_ON,POS_MOD_ON) values ('eng','Loyalty','Loyalty','2013-02-02 00:00:00', '2013-02-02 00:00:00');
Insert into I8_TND (ID_LGE,TY_TND,DE_TND,POS_CRT_ON,POS_MOD_ON) values ('eng','StoreVoucher','StoreVoucher','2013-02-02 00:00:00', '2013-02-02 00:00:00');
Insert into I8_TND (ID_LGE,TY_TND,DE_TND,POS_CRT_ON,POS_MOD_ON) values ('eng','Voucher','Voucher','2013-02-02 00:00:00', '2013-02-02 00:00:00');
Insert into I8_TND (ID_LGE,TY_TND,DE_TND,POS_CRT_ON,POS_MOD_ON) values ('fra','Cash','Argent comptant','2013-02-02 00:00:00', '2013-02-02 00:00:00');
Insert into I8_TND (ID_LGE,TY_TND,DE_TND,POS_CRT_ON,POS_MOD_ON) values ('fra','Check','Chèque','2013-02-02 00:00:00', '2013-02-02 00:00:00');
Insert into I8_TND (ID_LGE,TY_TND,DE_TND,POS_CRT_ON,POS_MOD_ON) values ('fra','Coupon','Coupon','2013-02-02 00:00:00', '2013-02-02 00:00:00');
Insert into I8_TND (ID_LGE,TY_TND,DE_TND,POS_CRT_ON,POS_MOD_ON) values ('fra','CreditDebit','Crédit débit','2013-02-02 00:00:00', '2013-02-02 00:00:00');
Insert into I8_TND (ID_LGE,TY_TND,DE_TND,POS_CRT_ON,POS_MOD_ON) values ('fra','GiftCard','Carte cadeau','2013-02-02 00:00:00', '2013-02-02 00:00:00');
Insert into I8_TND (ID_LGE,TY_TND,DE_TND,POS_CRT_ON,POS_MOD_ON) values ('fra','Loan','Loan','2013-02-02 00:00:00', '2013-02-02 00:00:00');
Insert into I8_TND (ID_LGE,TY_TND,DE_TND,POS_CRT_ON,POS_MOD_ON) values ('fra','Loyalty','loyauté','2013-02-02 00:00:00', '2013-02-02 00:00:00');
Insert into I8_TND (ID_LGE,TY_TND,DE_TND,POS_CRT_ON,POS_MOD_ON) values ('fra','StoreVoucher','StoreVoucher','2013-02-02 00:00:00', '2013-02-02 00:00:00');
Insert into I8_TND (ID_LGE,TY_TND,DE_TND,POS_CRT_ON,POS_MOD_ON) values ('fra','Voucher','Bon','2013-02-02 00:00:00', '2013-02-02 00:00:00');





-------Admin User Creation-----------------------

delete from co_acs_pswd  where id_opr = '104';
delete from co_gp_opr  where id_opr = '104';
delete from co_asgmt_wrkr_opr  where id_opr = '104';
delete from pa_opr where id_opr = '104';


INSERT INTO pa_opr (id_opr, pw_acs_opr, nm_usr, pos_lgn_attmpt, pos_crt_on, pos_mod_on, pos_opr_st_cd, pos_pwd_st) VALUES ('spadmin', '81519f01f0f9b5c0ba544dfe6bff67272e9c63bcdfd858d1d2af58f593d9f95fbf2d0e00b6b3bd52ad50be6d0cc86a86845bd68e55923338ebf8732010a6d9bc', 'Jane', 0, '2013-02-02 00:00:00', '2013-02-02 00:00:00', 'A', 'N');
INSERT INTO co_asgmt_wrkr_opr (id_wrkr, id_opr, ts_ef, sc_asgmt, ts_ep, pos_crt_on, pos_mod_on) VALUES (99994, 'spadmin', '2015-02-02 00:00:00', NULL, NULL, '2013-02-02 00:00:00', '2013-02-02 00:00:00');
INSERT INTO co_gp_opr (id_gp_wrk, id_opr, pos_crt_on, pos_mod_on) VALUES (1, 'spadmin', '2013-02-02 00:00:00', '2013-02-02 00:00:00');
INSERT INTO co_acs_pswd (id_opr, ai_acs_pswd, ps_acs_opr, ts_ep, pos_crt_on, pos_mod_on) VALUES ('spadmin', 1, '81519f01f0f9b5c0ba544dfe6bff67272e9c63bcdfd858d1d2af58f593d9f95fbf2d0e00b6b3bd52ad50be6d0cc86a86845bd68e55923338ebf8732010a6d9bc', '2018-03-05 10:00:00', '2013-02-02 00:00:00', '2013-02-02 00:00:00');



-------POS_JOB for RetailerDataLoader-------------------

update POS_JOB set JOB_SCHEDULE = '0 0/1 * * * ?' where ID_JOB = 33 and JOB_NM = 'RetailerLoader';

------External transaction posting STATUS change in POS_JOB-------
update pos_job set JOB_STA = 'A' where ID_JOB = 34;

------Reosurce mapping change for Card Settings-------------------
update PA_RS set ID_RS_PRNT = 170 where ID_RS in (171, 172, 173);


-----Index creation for Tax table. Provided by Integration team-------
CREATE INDEX tx_apply_grp_index ON pos_itm_tx_class_asgn (tx_apply_grp);

-----Sequence alteration. Provided by Integration team-------
ALTER SEQUENCE ID_RU_ITM_SL_seq
NOCYCLE 
CACHE 100 
NOORDER; 


----Symbol correction in LU_CNY_ISO_4217-------
update LU_CNY_ISO_4217 set SY_CNY='£' where CD_CNY_ISO_4217 ='GBP';




commit;
