ALTER SESSION SET NLS_DATE_FORMAT='YYYY-MM-DD HH24:Mi:SS';
SET DEFINE OFF;

----POS_CONFIG_LST------
---DUMMY Data-----
--------------------------------1200000--------------------------------------------------------------------------------------
Insert into POS_CONFIG_LST (POS_CONFIG_LST_ID,ID_BSNGP,ID_BSN_UN,ID_WS,CONFIG_CATEGORY_ID,CONFIG_FILE,POS_CRT_BY,POS_CRT_ON,POS_MOD_BY,POS_MOD_ON,CONFIG_FILE_VERSION_NO) values (1,1200000,null,null,'CashManagement','','spadmin','2013-02-02 00:00:00','spadmin','2013-02-02 00:00:00','1');

Insert into POS_CONFIG_LST (POS_CONFIG_LST_ID,ID_BSNGP,ID_BSN_UN,ID_WS,CONFIG_CATEGORY_ID,CONFIG_FILE,POS_CRT_BY,POS_CRT_ON,POS_MOD_BY,POS_MOD_ON,CONFIG_FILE_VERSION_NO) values (2,1200000,null,null,'DailyOperation','','spadmin','2013-02-02 00:00:00','spadmin','2013-02-02 00:00:00','1');

Insert into POS_CONFIG_LST (POS_CONFIG_LST_ID,ID_BSNGP,ID_BSN_UN,ID_WS,CONFIG_CATEGORY_ID,CONFIG_FILE,POS_CRT_BY,POS_CRT_ON,POS_MOD_BY,POS_MOD_ON,CONFIG_FILE_VERSION_NO) values (3,1200000,null,null,'Tender','','spadmin','2013-02-02 00:00:00','spadmin','2013-02-02 00:00:00','1');

Insert into POS_CONFIG_LST (POS_CONFIG_LST_ID,ID_BSNGP,ID_BSN_UN,ID_WS,CONFIG_CATEGORY_ID,CONFIG_FILE,POS_CRT_BY,POS_CRT_ON,POS_MOD_BY,POS_MOD_ON,CONFIG_FILE_VERSION_NO) values (4,1200000,null,null,'ReasonCode','','spadmin','2013-02-02 00:00:00','spadmin','2013-02-02 00:00:00','1');

Insert into POS_CONFIG_LST (POS_CONFIG_LST_ID,ID_BSNGP,ID_BSN_UN,ID_WS,CONFIG_CATEGORY_ID,CONFIG_FILE,POS_CRT_BY,POS_CRT_ON,POS_MOD_BY,POS_MOD_ON,CONFIG_FILE_VERSION_NO) values (5,1200000,null,null,'PasswordManagement','','spadmin','2013-02-02 00:00:00','spadmin','2013-02-02 00:00:00','1');

Insert into POS_CONFIG_LST (POS_CONFIG_LST_ID,ID_BSNGP,ID_BSN_UN,ID_WS,CONFIG_CATEGORY_ID,CONFIG_FILE,POS_CRT_BY,POS_CRT_ON,POS_MOD_BY,POS_MOD_ON,CONFIG_FILE_VERSION_NO) values (6,1200000,null,null,'ManagerAuthorization','','spadmin','2013-02-02 00:00:00','spadmin','2013-02-02 00:00:00','1');

Insert into POS_CONFIG_LST (POS_CONFIG_LST_ID,ID_BSNGP,ID_BSN_UN,ID_WS,CONFIG_CATEGORY_ID,CONFIG_FILE,POS_CRT_BY,POS_CRT_ON,POS_MOD_BY,POS_MOD_ON,CONFIG_FILE_VERSION_NO) values (7,1200000,null,null,'SaleReturn','','spadmin','2013-02-02 00:00:00','spadmin','2013-02-02 00:00:00','1');

Insert into POS_CONFIG_LST (POS_CONFIG_LST_ID,ID_BSNGP,ID_BSN_UN,ID_WS,CONFIG_CATEGORY_ID,CONFIG_FILE,POS_CRT_BY,POS_CRT_ON,POS_MOD_BY,POS_MOD_ON,CONFIG_FILE_VERSION_NO) values (8,1200000,null,null,'GiftCard','','spadmin','2013-02-02 00:00:00','spadmin','2013-02-02 00:00:00','1');

Insert into POS_CONFIG_LST (POS_CONFIG_LST_ID,ID_BSNGP,ID_BSN_UN,ID_WS,CONFIG_CATEGORY_ID,CONFIG_FILE,POS_CRT_BY,POS_CRT_ON,POS_MOD_BY,POS_MOD_ON,CONFIG_FILE_VERSION_NO) values (9,1200000,null,null,'ElectronicJournal','','spadmin','2013-02-02 00:00:00','spadmin','2013-02-02 00:00:00','1');

Insert into POS_CONFIG_LST (POS_CONFIG_LST_ID,ID_BSNGP,ID_BSN_UN,ID_WS,CONFIG_CATEGORY_ID,CONFIG_FILE,POS_CRT_BY,POS_CRT_ON,POS_MOD_BY,POS_MOD_ON,CONFIG_FILE_VERSION_NO) values (10,1200000,null,null,'ReceiptTemplate','','spadmin','2013-02-02 00:00:00','spadmin','2013-02-02 00:00:00','1');

Insert into POS_CONFIG_LST (POS_CONFIG_LST_ID,ID_BSNGP,ID_BSN_UN,ID_WS,CONFIG_CATEGORY_ID,CONFIG_FILE,POS_CRT_BY,POS_CRT_ON,POS_MOD_BY,POS_MOD_ON,CONFIG_FILE_VERSION_NO) values (11,1200000,null,null,'ReceiptPrintSetup','','spadmin','2013-02-02 00:00:00','spadmin','2013-02-02 00:00:00','1');


----END-----------
--------------------------------1300000--------------------------------------------------------------------------------------
Insert into POS_CONFIG_LST (POS_CONFIG_LST_ID,ID_BSNGP,ID_BSN_UN,ID_WS,CONFIG_CATEGORY_ID,CONFIG_FILE,POS_CRT_BY,POS_CRT_ON,POS_MOD_BY,POS_MOD_ON,CONFIG_FILE_VERSION_NO) values (12,1300000,null,null,'CashManagement','','spadmin','2013-02-02 00:00:00','spadmin','2013-02-02 00:00:00','1');

Insert into POS_CONFIG_LST (POS_CONFIG_LST_ID,ID_BSNGP,ID_BSN_UN,ID_WS,CONFIG_CATEGORY_ID,CONFIG_FILE,POS_CRT_BY,POS_CRT_ON,POS_MOD_BY,POS_MOD_ON,CONFIG_FILE_VERSION_NO) values (13,1300000,null,null,'DailyOperation','','spadmin','2013-02-02 00:00:00','spadmin','2013-02-02 00:00:00','1');

Insert into POS_CONFIG_LST (POS_CONFIG_LST_ID,ID_BSNGP,ID_BSN_UN,ID_WS,CONFIG_CATEGORY_ID,CONFIG_FILE,POS_CRT_BY,POS_CRT_ON,POS_MOD_BY,POS_MOD_ON,CONFIG_FILE_VERSION_NO) values (14,1300000,null,null,'Tender','','spadmin','2013-02-02 00:00:00','spadmin','2013-02-02 00:00:00','1');

Insert into POS_CONFIG_LST (POS_CONFIG_LST_ID,ID_BSNGP,ID_BSN_UN,ID_WS,CONFIG_CATEGORY_ID,CONFIG_FILE,POS_CRT_BY,POS_CRT_ON,POS_MOD_BY,POS_MOD_ON,CONFIG_FILE_VERSION_NO) values (15,1300000,null,null,'ReasonCode','','spadmin','2013-02-02 00:00:00','spadmin','2013-02-02 00:00:00','1');

Insert into POS_CONFIG_LST (POS_CONFIG_LST_ID,ID_BSNGP,ID_BSN_UN,ID_WS,CONFIG_CATEGORY_ID,CONFIG_FILE,POS_CRT_BY,POS_CRT_ON,POS_MOD_BY,POS_MOD_ON,CONFIG_FILE_VERSION_NO) values (16,1300000,null,null,'PasswordManagement','','spadmin','2013-02-02 00:00:00','spadmin','2013-02-02 00:00:00','1');

Insert into POS_CONFIG_LST (POS_CONFIG_LST_ID,ID_BSNGP,ID_BSN_UN,ID_WS,CONFIG_CATEGORY_ID,CONFIG_FILE,POS_CRT_BY,POS_CRT_ON,POS_MOD_BY,POS_MOD_ON,CONFIG_FILE_VERSION_NO) values (17,1300000,null,null,'ManagerAuthorization','','spadmin','2013-02-02 00:00:00','spadmin','2013-02-02 00:00:00','1');

Insert into POS_CONFIG_LST (POS_CONFIG_LST_ID,ID_BSNGP,ID_BSN_UN,ID_WS,CONFIG_CATEGORY_ID,CONFIG_FILE,POS_CRT_BY,POS_CRT_ON,POS_MOD_BY,POS_MOD_ON,CONFIG_FILE_VERSION_NO) values (18,1300000,null,null,'SaleReturn','','spadmin','2013-02-02 00:00:00','spadmin','2013-02-02 00:00:00','1');

Insert into POS_CONFIG_LST (POS_CONFIG_LST_ID,ID_BSNGP,ID_BSN_UN,ID_WS,CONFIG_CATEGORY_ID,CONFIG_FILE,POS_CRT_BY,POS_CRT_ON,POS_MOD_BY,POS_MOD_ON,CONFIG_FILE_VERSION_NO) values (19,1300000,null,null,'GiftCard','','spadmin','2013-02-02 00:00:00','spadmin','2013-02-02 00:00:00','1');

Insert into POS_CONFIG_LST (POS_CONFIG_LST_ID,ID_BSNGP,ID_BSN_UN,ID_WS,CONFIG_CATEGORY_ID,CONFIG_FILE,POS_CRT_BY,POS_CRT_ON,POS_MOD_BY,POS_MOD_ON,CONFIG_FILE_VERSION_NO) values (20,1300000,null,null,'ElectronicJournal','','spadmin','2013-02-02 00:00:00','spadmin','2013-02-02 00:00:00','1');

Insert into POS_CONFIG_LST (POS_CONFIG_LST_ID,ID_BSNGP,ID_BSN_UN,ID_WS,CONFIG_CATEGORY_ID,CONFIG_FILE,POS_CRT_BY,POS_CRT_ON,POS_MOD_BY,POS_MOD_ON,CONFIG_FILE_VERSION_NO) values (21,1300000,null,null,'ReceiptTemplate','','spadmin','2013-02-02 00:00:00','spadmin','2013-02-02 00:00:00','1');

Insert into POS_CONFIG_LST (POS_CONFIG_LST_ID,ID_BSNGP,ID_BSN_UN,ID_WS,CONFIG_CATEGORY_ID,CONFIG_FILE,POS_CRT_BY,POS_CRT_ON,POS_MOD_BY,POS_MOD_ON,CONFIG_FILE_VERSION_NO) values (22,1300000,null,null,'ReceiptPrintSetup','','spadmin','2013-02-02 00:00:00','spadmin','2013-02-02 00:00:00','1');


---------------------------------------------------1400000-------------------------------------------------------------------------

Insert into POS_CONFIG_LST (POS_CONFIG_LST_ID,ID_BSNGP,ID_BSN_UN,ID_WS,CONFIG_CATEGORY_ID,CONFIG_FILE,POS_CRT_BY,POS_CRT_ON,POS_MOD_BY,POS_MOD_ON,CONFIG_FILE_VERSION_NO) values (23,1400000,null,null,'CashManagement','','spadmin','2013-02-02 00:00:00','spadmin','2013-02-02 00:00:00','1');

Insert into POS_CONFIG_LST (POS_CONFIG_LST_ID,ID_BSNGP,ID_BSN_UN,ID_WS,CONFIG_CATEGORY_ID,CONFIG_FILE,POS_CRT_BY,POS_CRT_ON,POS_MOD_BY,POS_MOD_ON,CONFIG_FILE_VERSION_NO) values (24,1400000,null,null,'DailyOperation','','spadmin','2013-02-02 00:00:00','spadmin','2013-02-02 00:00:00','1');

Insert into POS_CONFIG_LST (POS_CONFIG_LST_ID,ID_BSNGP,ID_BSN_UN,ID_WS,CONFIG_CATEGORY_ID,CONFIG_FILE,POS_CRT_BY,POS_CRT_ON,POS_MOD_BY,POS_MOD_ON,CONFIG_FILE_VERSION_NO) values (25,1400000,null,null,'Tender','','spadmin','2013-02-02 00:00:00','spadmin','2013-02-02 00:00:00','1');

Insert into POS_CONFIG_LST (POS_CONFIG_LST_ID,ID_BSNGP,ID_BSN_UN,ID_WS,CONFIG_CATEGORY_ID,CONFIG_FILE,POS_CRT_BY,POS_CRT_ON,POS_MOD_BY,POS_MOD_ON,CONFIG_FILE_VERSION_NO) values (26,1400000,null,null,'ReasonCode','','spadmin','2013-02-02 00:00:00','spadmin','2013-02-02 00:00:00','1');

Insert into POS_CONFIG_LST (POS_CONFIG_LST_ID,ID_BSNGP,ID_BSN_UN,ID_WS,CONFIG_CATEGORY_ID,CONFIG_FILE,POS_CRT_BY,POS_CRT_ON,POS_MOD_BY,POS_MOD_ON,CONFIG_FILE_VERSION_NO) values (27,1400000,null,null,'PasswordManagement','','spadmin','2013-02-02 00:00:00','spadmin','2013-02-02 00:00:00','1');

Insert into POS_CONFIG_LST (POS_CONFIG_LST_ID,ID_BSNGP,ID_BSN_UN,ID_WS,CONFIG_CATEGORY_ID,CONFIG_FILE,POS_CRT_BY,POS_CRT_ON,POS_MOD_BY,POS_MOD_ON,CONFIG_FILE_VERSION_NO) values (28,1400000,null,null,'ManagerAuthorization','','spadmin','2013-02-02 00:00:00','spadmin','2013-02-02 00:00:00','1');

Insert into POS_CONFIG_LST (POS_CONFIG_LST_ID,ID_BSNGP,ID_BSN_UN,ID_WS,CONFIG_CATEGORY_ID,CONFIG_FILE,POS_CRT_BY,POS_CRT_ON,POS_MOD_BY,POS_MOD_ON,CONFIG_FILE_VERSION_NO) values (29,1400000,null,null,'SaleReturn','','spadmin','2013-02-02 00:00:00','spadmin','2013-02-02 00:00:00','1');

Insert into POS_CONFIG_LST (POS_CONFIG_LST_ID,ID_BSNGP,ID_BSN_UN,ID_WS,CONFIG_CATEGORY_ID,CONFIG_FILE,POS_CRT_BY,POS_CRT_ON,POS_MOD_BY,POS_MOD_ON,CONFIG_FILE_VERSION_NO) values (30,1400000,null,null,'GiftCard','','spadmin','2013-02-02 00:00:00','spadmin','2013-02-02 00:00:00','1');

Insert into POS_CONFIG_LST (POS_CONFIG_LST_ID,ID_BSNGP,ID_BSN_UN,ID_WS,CONFIG_CATEGORY_ID,CONFIG_FILE,POS_CRT_BY,POS_CRT_ON,POS_MOD_BY,POS_MOD_ON,CONFIG_FILE_VERSION_NO) values (31,1400000,null,null,'ElectronicJournal','','spadmin','2013-02-02 00:00:00','spadmin','2013-02-02 00:00:00','1');

Insert into POS_CONFIG_LST (POS_CONFIG_LST_ID,ID_BSNGP,ID_BSN_UN,ID_WS,CONFIG_CATEGORY_ID,CONFIG_FILE,POS_CRT_BY,POS_CRT_ON,POS_MOD_BY,POS_MOD_ON,CONFIG_FILE_VERSION_NO) values (32,1400000,null,null,'ReceiptTemplate','','spadmin','2013-02-02 00:00:00','spadmin','2013-02-02 00:00:00','1');

Insert into POS_CONFIG_LST (POS_CONFIG_LST_ID,ID_BSNGP,ID_BSN_UN,ID_WS,CONFIG_CATEGORY_ID,CONFIG_FILE,POS_CRT_BY,POS_CRT_ON,POS_MOD_BY,POS_MOD_ON,CONFIG_FILE_VERSION_NO) values (33,1400000,null,null,'ReceiptPrintSetup','','spadmin','2013-02-02 00:00:00','spadmin','2013-02-02 00:00:00','1');

-----KITS POS_CONFIG_LST------


---------------------------------------------------1500000-------------------------------------------------------------------------

Insert into POS_CONFIG_LST (POS_CONFIG_LST_ID,ID_BSNGP,ID_BSN_UN,ID_WS,CONFIG_CATEGORY_ID,CONFIG_FILE,POS_CRT_BY,POS_CRT_ON,POS_MOD_BY,POS_MOD_ON,CONFIG_FILE_VERSION_NO) values (34,1500000,null,null,'CashManagement','','spadmin','2013-02-02 00:00:00','spadmin','2013-02-02 00:00:00','1');

Insert into POS_CONFIG_LST (POS_CONFIG_LST_ID,ID_BSNGP,ID_BSN_UN,ID_WS,CONFIG_CATEGORY_ID,CONFIG_FILE,POS_CRT_BY,POS_CRT_ON,POS_MOD_BY,POS_MOD_ON,CONFIG_FILE_VERSION_NO) values (35,1500000,null,null,'DailyOperation','','spadmin','2013-02-02 00:00:00','spadmin','2013-02-02 00:00:00','1');

Insert into POS_CONFIG_LST (POS_CONFIG_LST_ID,ID_BSNGP,ID_BSN_UN,ID_WS,CONFIG_CATEGORY_ID,CONFIG_FILE,POS_CRT_BY,POS_CRT_ON,POS_MOD_BY,POS_MOD_ON,CONFIG_FILE_VERSION_NO) values (36,1500000,null,null,'Tender','','spadmin','2013-02-02 00:00:00','spadmin','2013-02-02 00:00:00','1');

Insert into POS_CONFIG_LST (POS_CONFIG_LST_ID,ID_BSNGP,ID_BSN_UN,ID_WS,CONFIG_CATEGORY_ID,CONFIG_FILE,POS_CRT_BY,POS_CRT_ON,POS_MOD_BY,POS_MOD_ON,CONFIG_FILE_VERSION_NO) values (37,1500000,null,null,'ReasonCode','','spadmin','2013-02-02 00:00:00','spadmin','2013-02-02 00:00:00','1');

Insert into POS_CONFIG_LST (POS_CONFIG_LST_ID,ID_BSNGP,ID_BSN_UN,ID_WS,CONFIG_CATEGORY_ID,CONFIG_FILE,POS_CRT_BY,POS_CRT_ON,POS_MOD_BY,POS_MOD_ON,CONFIG_FILE_VERSION_NO) values (38,1500000,null,null,'PasswordManagement','','spadmin','2013-02-02 00:00:00','spadmin','2013-02-02 00:00:00','1');

Insert into POS_CONFIG_LST (POS_CONFIG_LST_ID,ID_BSNGP,ID_BSN_UN,ID_WS,CONFIG_CATEGORY_ID,CONFIG_FILE,POS_CRT_BY,POS_CRT_ON,POS_MOD_BY,POS_MOD_ON,CONFIG_FILE_VERSION_NO) values (39,1500000,null,null,'ManagerAuthorization','','spadmin','2013-02-02 00:00:00','spadmin','2013-02-02 00:00:00','1');

Insert into POS_CONFIG_LST (POS_CONFIG_LST_ID,ID_BSNGP,ID_BSN_UN,ID_WS,CONFIG_CATEGORY_ID,CONFIG_FILE,POS_CRT_BY,POS_CRT_ON,POS_MOD_BY,POS_MOD_ON,CONFIG_FILE_VERSION_NO) values (40,1500000,null,null,'SaleReturn','','spadmin','2013-02-02 00:00:00','spadmin','2013-02-02 00:00:00','1');

Insert into POS_CONFIG_LST (POS_CONFIG_LST_ID,ID_BSNGP,ID_BSN_UN,ID_WS,CONFIG_CATEGORY_ID,CONFIG_FILE,POS_CRT_BY,POS_CRT_ON,POS_MOD_BY,POS_MOD_ON,CONFIG_FILE_VERSION_NO) values (41,1500000,null,null,'GiftCard','','spadmin','2013-02-02 00:00:00','spadmin','2013-02-02 00:00:00','1');

Insert into POS_CONFIG_LST (POS_CONFIG_LST_ID,ID_BSNGP,ID_BSN_UN,ID_WS,CONFIG_CATEGORY_ID,CONFIG_FILE,POS_CRT_BY,POS_CRT_ON,POS_MOD_BY,POS_MOD_ON,CONFIG_FILE_VERSION_NO) values (42,1500000,null,null,'ElectronicJournal','','spadmin','2013-02-02 00:00:00','spadmin','2013-02-02 00:00:00','1');

Insert into POS_CONFIG_LST (POS_CONFIG_LST_ID,ID_BSNGP,ID_BSN_UN,ID_WS,CONFIG_CATEGORY_ID,CONFIG_FILE,POS_CRT_BY,POS_CRT_ON,POS_MOD_BY,POS_MOD_ON,CONFIG_FILE_VERSION_NO) values (43,1500000,null,null,'ReceiptTemplate','','spadmin','2013-02-02 00:00:00','spadmin','2013-02-02 00:00:00','1');

Insert into POS_CONFIG_LST (POS_CONFIG_LST_ID,ID_BSNGP,ID_BSN_UN,ID_WS,CONFIG_CATEGORY_ID,CONFIG_FILE,POS_CRT_BY,POS_CRT_ON,POS_MOD_BY,POS_MOD_ON,CONFIG_FILE_VERSION_NO) values (44,1500000,null,null,'ReceiptPrintSetup','','spadmin','2013-02-02 00:00:00','spadmin','2013-02-02 00:00:00','1');

-----KITS POS_CONFIG_LST------


delete from pos_bsngp_cr_acqr;

delete from pos_cr_acqr;

Insert into POS_CR_ACQR (ID_ACQR,DESC_ACQR,REF_PHN_NO,ID_AUTH_MERCHNT,POS_CRT_ON,POS_MOD_ON) values ('BMS','Barclays Merchant Services','0844 811 4490','abcd','2013-02-02 00:00:00', '2013-02-02 00:00:00');
Insert into POS_CR_ACQR (ID_ACQR,DESC_ACQR,REF_PHN_NO,ID_AUTH_MERCHNT,POS_CRT_ON,POS_MOD_ON) values ('SVS','Stored Value Solutions','0808 234 4028','abcd','2013-02-02 00:00:00', '2013-02-02 00:00:00');
Insert into POS_CR_ACQR (ID_ACQR,DESC_ACQR,REF_PHN_NO,ID_AUTH_MERCHNT,POS_CRT_ON,POS_MOD_ON) values ('CPI','Capita','0845 603 2611','abcd','2013-02-02 00:00:00', '2013-02-02 00:00:00');
Insert into POS_CR_ACQR (ID_ACQR,DESC_ACQR,REF_PHN_NO,ID_AUTH_MERCHNT,POS_CRT_ON,POS_MOD_ON) values ('TNSX','Transax','0800 110 999','abcd','2013-02-02 00:00:00', '2013-02-02 00:00:00');



Insert into POS_BSNGP_CR_ACQR (ID_BSNGP,ID_ACQR,POS_CRT_ON,POS_MOD_ON) values (1200000,'BMS','2013-02-02 00:00:00', '2013-02-02 00:00:00');
Insert into POS_BSNGP_CR_ACQR (ID_BSNGP,ID_ACQR,POS_CRT_ON,POS_MOD_ON) values (1317,'BMS','2013-02-02 00:00:00', '2013-02-02 00:00:00');
Insert into POS_BSNGP_CR_ACQR (ID_BSNGP,ID_ACQR,POS_CRT_ON,POS_MOD_ON) values (1200000,'SVS','2013-02-02 00:00:00', '2013-02-02 00:00:00');
Insert into POS_BSNGP_CR_ACQR (ID_BSNGP,ID_ACQR,POS_CRT_ON,POS_MOD_ON) values (1317,'SVS','2013-02-02 00:00:00', '2013-02-02 00:00:00');
Insert into POS_BSNGP_CR_ACQR (ID_BSNGP,ID_ACQR,POS_CRT_ON,POS_MOD_ON) values (1200000,'CPI','2013-02-02 00:00:00', '2013-02-02 00:00:00');
Insert into POS_BSNGP_CR_ACQR (ID_BSNGP,ID_ACQR,POS_CRT_ON,POS_MOD_ON) values (1317,'CPI','2013-02-02 00:00:00', '2013-02-02 00:00:00');
Insert into POS_BSNGP_CR_ACQR (ID_BSNGP,ID_ACQR,POS_CRT_ON,POS_MOD_ON) values (1200000,'TNSX','2013-02-02 00:00:00', '2013-02-02 00:00:00');
Insert into POS_BSNGP_CR_ACQR (ID_BSNGP,ID_ACQR,POS_CRT_ON,POS_MOD_ON) values (1317,'TNSX','2013-02-02 00:00:00', '2013-02-02 00:00:00');
Insert into POS_BSNGP_CR_ACQR (ID_BSNGP,ID_ACQR,POS_CRT_ON,POS_MOD_ON) values (1300000,'BMS','2013-02-02 00:00:00', '2013-02-02 00:00:00');
Insert into POS_BSNGP_CR_ACQR (ID_BSNGP,ID_ACQR,POS_CRT_ON,POS_MOD_ON) values (1337,'BMS','2013-02-02 00:00:00', '2013-02-02 00:00:00');
Insert into POS_BSNGP_CR_ACQR (ID_BSNGP,ID_ACQR,POS_CRT_ON,POS_MOD_ON) values (1300000,'SVS','2013-02-02 00:00:00', '2013-02-02 00:00:00');
Insert into POS_BSNGP_CR_ACQR (ID_BSNGP,ID_ACQR,POS_CRT_ON,POS_MOD_ON) values (1337,'SVS','2013-02-02 00:00:00', '2013-02-02 00:00:00');
Insert into POS_BSNGP_CR_ACQR (ID_BSNGP,ID_ACQR,POS_CRT_ON,POS_MOD_ON) values (1300000,'CPI','2013-02-02 00:00:00', '2013-02-02 00:00:00');
Insert into POS_BSNGP_CR_ACQR (ID_BSNGP,ID_ACQR,POS_CRT_ON,POS_MOD_ON) values (1337,'CPI','2013-02-02 00:00:00', '2013-02-02 00:00:00');
Insert into POS_BSNGP_CR_ACQR (ID_BSNGP,ID_ACQR,POS_CRT_ON,POS_MOD_ON) values (1300000,'TNSX','2013-02-02 00:00:00', '2013-02-02 00:00:00');
Insert into POS_BSNGP_CR_ACQR (ID_BSNGP,ID_ACQR,POS_CRT_ON,POS_MOD_ON) values (1337,'TNSX','2013-02-02 00:00:00', '2013-02-02 00:00:00');
Insert into POS_BSNGP_CR_ACQR (ID_BSNGP,ID_ACQR,POS_CRT_ON,POS_MOD_ON) values (1400000,'BMS','2013-02-02 00:00:00', '2013-02-02 00:00:00');
Insert into POS_BSNGP_CR_ACQR (ID_BSNGP,ID_ACQR,POS_CRT_ON,POS_MOD_ON) values (1060,'BMS','2013-02-02 00:00:00', '2013-02-02 00:00:00');
Insert into POS_BSNGP_CR_ACQR (ID_BSNGP,ID_ACQR,POS_CRT_ON,POS_MOD_ON) values (1400000,'SVS','2013-02-02 00:00:00', '2013-02-02 00:00:00');
Insert into POS_BSNGP_CR_ACQR (ID_BSNGP,ID_ACQR,POS_CRT_ON,POS_MOD_ON) values (1060,'SVS','2013-02-02 00:00:00', '2013-02-02 00:00:00');
Insert into POS_BSNGP_CR_ACQR (ID_BSNGP,ID_ACQR,POS_CRT_ON,POS_MOD_ON) values (1400000,'CPI','2013-02-02 00:00:00', '2013-02-02 00:00:00');
Insert into POS_BSNGP_CR_ACQR (ID_BSNGP,ID_ACQR,POS_CRT_ON,POS_MOD_ON) values (1060,'CPI','2013-02-02 00:00:00', '2013-02-02 00:00:00');
Insert into POS_BSNGP_CR_ACQR (ID_BSNGP,ID_ACQR,POS_CRT_ON,POS_MOD_ON) values (1400000,'TNSX','2013-02-02 00:00:00', '2013-02-02 00:00:00');
Insert into POS_BSNGP_CR_ACQR (ID_BSNGP,ID_ACQR,POS_CRT_ON,POS_MOD_ON) values (1060,'TNSX','2013-02-02 00:00:00', '2013-02-02 00:00:00');
Insert into POS_BSNGP_CR_ACQR (ID_BSNGP,ID_ACQR,POS_CRT_ON,POS_MOD_ON) values (1500000,'BMS','2013-02-02 00:00:00', '2013-02-02 00:00:00');
Insert into POS_BSNGP_CR_ACQR (ID_BSNGP,ID_ACQR,POS_CRT_ON,POS_MOD_ON) values (1289,'BMS','2013-02-02 00:00:00', '2013-02-02 00:00:00');
Insert into POS_BSNGP_CR_ACQR (ID_BSNGP,ID_ACQR,POS_CRT_ON,POS_MOD_ON) values (1500000,'SVS','2013-02-02 00:00:00', '2013-02-02 00:00:00');
Insert into POS_BSNGP_CR_ACQR (ID_BSNGP,ID_ACQR,POS_CRT_ON,POS_MOD_ON) values (1289,'SVS','2013-02-02 00:00:00', '2013-02-02 00:00:00');
Insert into POS_BSNGP_CR_ACQR (ID_BSNGP,ID_ACQR,POS_CRT_ON,POS_MOD_ON) values (1500000,'CPI','2013-02-02 00:00:00', '2013-02-02 00:00:00');
Insert into POS_BSNGP_CR_ACQR (ID_BSNGP,ID_ACQR,POS_CRT_ON,POS_MOD_ON) values (1289,'CPI','2013-02-02 00:00:00', '2013-02-02 00:00:00');
Insert into POS_BSNGP_CR_ACQR (ID_BSNGP,ID_ACQR,POS_CRT_ON,POS_MOD_ON) values (1500000,'TNSX','2013-02-02 00:00:00', '2013-02-02 00:00:00');
Insert into POS_BSNGP_CR_ACQR (ID_BSNGP,ID_ACQR,POS_CRT_ON,POS_MOD_ON) values (1289,'TNSX','2013-02-02 00:00:00', '2013-02-02 00:00:00');

commit;

--REM INSERTING into POS_IMG


update pos_config_lst set config_file=vClob,CONFIG_FILE_VERSION_NO = '5'  where config_category_id ='DailyOperation' and id_bsngp = '1500000';
end;
/




delete from pos_img;

declare

vClob clob;

begin

vClob :='iVBORw0KGgoAAAANSUhEUgAAAJYAAACWCAYAAAA8AXHiAAAAAXNSR0IArs4c6QAAAARnQU1BAACxjwv8YQUAAAAJcEhZcwAALiIAAC4iAari3ZIAAAAhdEVYdENyZWF0aW9uIFRpbWUAMjAxMzoxMjowMiAxMjozMTozNoCMuwcAABK7SURBVHhe7ZyLchtHDkXlOE6c///YxIkdLw/tI1/BM5wHCa1ShVPV1T1ovBoNDilna989PT19vYxheCi/fJ+H4aFMYw0tTGMNLUxjDS1MYw0tTGMNLUxjDS1MYw0tTGMNLUxjDS1MYw0tTGMNLUxjDS1MYw0tTGMNLUxjDS1MYw0tTGMNLUxjDS1MYw0tTGMNLUxjDS1MYw0tTGMNLUxjDS1MYw0tTGMNLUxjDS1MYw0tTGMNLUxjDS1MYw0tTGMNLUxjDS1MYw0tTGMNLUxjDS1MYw0tTGMNLUxjDS1MYw0tTGMNLUxjDS1MYw0tTGMNLUxjDS1MYw0tTGMNLUxjDS1MYw0tTGMNLUxjDS1MYw0tTGMNLUxjDS1MYw0tTGMNLUxjDS1MYw0tTGMNLUxjDS1MYw0tTGMNLUxjDS1MYw0tTGMNLUxjDS1MYw0tTGMNLUxjDS1MYw0t7Gqsd+/eXef3798//fLLNxPn1+bXX3/9vvqxJj9yE/N1fst8+PDh++rnmvKcMs+jjc9VZ08tqs6j64fl12/LZbi8z58/XwN/+fLlKnNN4K9f';

vClob := vClob || 'b5rfTcY1HjPF/fvvv1/sW+B///33Ov9X4DyMzJvz/fPPP9+fvtWBfc7IeZlT3+e8E9bqe4+VrvptNhYQHPJgr0UtmM9gUWpBfv/996dPnz690H3L2EQ2TzaGc55DuXrsWQNAri+wdszo1cbsqN+uxjKxpB62C2J8/PjxWvjMIw9tg3FBfCotYs35LWLu+SFh1LeL52GkPnNCTdBlCOu1NxZ01G9XY3FQAnlw1yRRD/ZoKBQxjc0Q1hZbLBLcW5z/F/k1aK09izN1sfZ+wJDnfajvh5LmYqZuNqB68qj6bTaWSUD93j8b9AzEYthYFojZQogFydzfKlwkOZLvb7/9dv3dmNQG4Nnm4dyu2VMP+NDTSClXBsg667fZWEAADkBTGYy5JtRFLaDFdaYQDJ/NywL9F8hLNOdsCn7z8NsHlDt7H1BrBehUOTJ9u35k/TYbK52bvAn4iu3GQkh9dp2XkwV66+TvH862dl7P5j0oz333KqkL6d/1I+u3nEVgIkBQAxM0k1tDe/Rrouy5n7N6ymqctbjI3TPPJPfrDBTWi0ndBJmffPHrBXINS3Gwz+c8O3Jz51kZs/lRn9RNX5I/WUAd5tSvZ3kURPh2qhNwuD1weC8sL1wZIGfkxVi8W2CDHr9P0rd/4WCPfOn3C3vYoosOF8aFkAPP2mbxecYGmWPpEpdqU2uALXr6TJBlfQAZvhlAvuaW+q6XfFSImz7rHw5L59jDqzSW+CayGLBU';

vClob := vClob || 'HGbYKkpiccgJf8aCfEYHvz4bDzuL7LlYS70s8645ZnxzwsZ/GwJtkLsPfBDSn7kgy99Y6iM377QzNqR8Cc+jPrDmDH49n+F21AfgBXJ4E843B8/sgYVy3oOHp0DY8GbKpvGSWevXfXMxlsVFxppPbvoCdbAlZv1txNtOG0AHGxqD2bejfoyNDbbmCeiYM03FTG7KUgefvmnILf3cAh3OgD99MiPDz1k43b4bXMBEtuDQUA+KPYVh3+LAnoIs4WX5NVjzYx+ZzWbxkDGIz7N+wNy4NPwugS062hkXX9jnczad+SDDnnz8KWA89vWLnvlqy8DWPTDnPejLWngO5DXfI7Q3VhbLtUXwABbGAoLPWwVCTx3mLEYWyab12dzzEtThee2SGZk3Njw7wDNWHWMKuRJHn5BfeaAt6MNnYmQdmVP/CNhZhzP2lX1tfQdeDom7JnEGB2GmKBbIw/Hs+hboWVQGccALpfjK+JrMWOwxA3JsjJly31Tos88es8/ogHFsltxjJi7oA3tQBzubyq819BzmSxz98awefhlHyVwZ+qReZ8HDy4/RASzILTJR9S2CzxbDgjkj13aN9M+csVhnDC8euWtgbT7ag/ZeqHnm2yxtXDO4dBsn15kH+sYWZTYhpE7Gc06fyGjKtL9F+iPHbNZ7ON7eB/HAXg4DGQfKYmVhkDNYswfOgK8qp5j6R8Ys+FIPuZcMeWnsLeVBE+VFZVOB/rDRzj1g3xj4T1/KBfvaFMgqxmHOnInLm2bJZonUc521Okt7Y1lkimUBkLFmWAxAJw/lfj7ri2cvjDeIv4HQMSaDJtDOr0J9skYXbI581hdggy/1BHmeDZ+sfdY+4+JDvT1gh76DeHxlYs8zZyeOsZQfAf08u7HOwklPW58JnMXQ3sIJa/Q4qPOtf8fB3ktjpvA0m/Y0BM+CDD0KiG6CP+T8T3VsIn2z5z6+kfu1w3P60wZYYwfm7NhCPexEH0sYi5l8Mo8l9I9ezZNhrY/yI9tmaAwPQPFZkzjPXLwF8GBiEdf+HSf1lVuMbCr2GEAsZORh8zhjX99MGQ+wM4ZvC57Tv+cEbNlDph2ybPY19AXqY4tvYpOrWFfY+3WIjufLRuTZXM+Al5c3eQAPcQuSzQKb+NKh9ZeXlDb6UuaMPo2XF1XfUl4++vhhbV4ZD9yzGSx42nsZgtzZtfvGzjX+9zRWnl9/NBQ5SOYJ7PMmNc9bkAvDBmWtP0ae8QhkfM7ywt6gHNBLpJh+DVo0D+ChJHVAPZ/16zOoA8SxcMpsOJ6Zs6DYVl9gE6jvhaUumFuVAzL2scPfX3/9dZVvXTyQG6DLGnuGjZTwpvK/bJj3XrIesHSOvWDZ2lgWuyYt9ZIonAVk1h5spGwCBjL0vAD1a37IleWeuSFjeNmujVdhnz1zynMYS/tsBOLRAEuNUdEvbyByxA+kb+T4zPOh9+eff14/XFtYV23xs3TeI2D9svoHMJG9oJ8FYU48YCV1sc/Ly2JmgSFjpR5rZDwze+nGzkLrS/2qmzrOUOPlGl9nwAfn8ZzWJM9gDuoi2wJ7fYHny/Mc5eXNNsMBTJaDWGyKZHHAYngBOVsAZwsI2OnXOEvFQQe5A4htPkI8ZdiYn/HYzzjKwbX7wnONswfPxLA+yGqNfPPCnqaq4Mdz1tyPgOXxU37nSIH8FLgmaYqfcvzxTHEg9/gq8LWuLfqM9As8uwafmdG3IbSvDQIZW71snEQbQMdLzjxyja/0f4TMwxoAc8Zgz/URyF2/xjnDecudePCEApA0byrWWRybyj2Kw9of/MBMAXxGh+Gf2BbUi/MZm7x0dBnkkg0F2qKvjnvGJy/W7oP+OQf6yMndteh/D54T9IE9sdgzB/MjNns+b8E5AD/4d7YmZ8Dy55vfSR54DQ8tPnMYC8Ahcma/2gAy1ujkxXBxFkc7bSwU+ujow1k9MAfgrzb+CSP1a65iTJvJZ8+SMdDxfwPGnrpb+Ma2oQBb8siGsg4pv4V5uHbGfm9uS2D549QHyYLdol6ERcpDQT0YF0CxWLtX9Smk/3hawc5LAJ+9nNzDHt9cBmviis1iHqwzjwQ5OsTAL';
	
vClob := vClob ||'mN60eaqr1ugoz2g7wdJP9lQkM/q3KL+T3VgK68tsN6OvMKepDkgB/Ui88JEP3kYZF4SM7ZcEpdDkfHLrA5+1WV4iaAO9mAuypmX4AMAXGRCw+e/bHuR5IM/SP/Y68tGQ5/1WuyKfvWHD+MaB3/kQCzPmnXYg/WFvbktgWVrYwF6maRFoCj+e87SWwx5Fl+dCno2rEXWhnVeLGu/iszDYmZR0wd4gezbmMTEXj/IkpRh60Bm/C2yBubEEOO7lz73+AfOlh9MYlrnvT4qZHjO8sLeoCbMzLBQWXgvVp/I2Zf0wZwywQcyRvrWjuLRVPpO28R954yTzW2s/P+WwIbZt8ka2q7lkKinjc2vzNlc3fPDcBR93cN91jvx4OCF+ckH9mkqZguRRQLlzuBaPxTSgnjB4ExTsbYBK+QA+EDPHPClvm9GQIYOP/TRt5GY9QWZx1J+kPrGFPSQMZM7szL3QZ/I1d+LvpiJYZ5neZXG8pBZDC/Bw2cR1EvZGtlM6HtBf/zxx4tiOXzOphHfBKAvZi/TZ+yM64wf80Bfv6xrPN54+AHzNTb+2FMfmHOds7HB3Jjxo84WnguMjc+sx1HaG4sESZbZNQc2adYOL4a1xdnC3wb4ZtYv/53MYoG+QTlzygGZA9/6BX2nHTo2B6DvjJ17PGOPPl+b2iNLXWP41Yo84/HMX3G+OY1nHRz1r7xbEBMbwB95EC/PdZSXVW2ABP1UMyywBRE+xXkQDmrx9qBvvu68HHwgZ2aPCwIuzUICa5vYuOibM3bYiH7B84AXIuilLvvGyRoYA5mxqEfmDOqzZ02BfHnWHmi+tF2DnDKOZ9lje4v2xiLx/HRZbKAw7lFM/kKUbLJboEcR8E1RGMi8LC9D2MuvIkCHPKoNs8/YQMYDz8PwUtjTF/oM/POsjjlWP2AsntFzT5/qGcecmEGbPZBP5oEfwId3c4b2xiLphIOQvAXKT55vBfY4lIe9hRdV0TaLgwx94vJmA2Iiy8tg9hLBGPk2xJf+1PNt5AXnvrbseV7krJGxNr65o5/+gXxTl5is8YEutvh0vQX26JkLvqyZ5zkDGe9r7QU83C3QyUJYJGcKAF4GzxyIsecT40Wlv1pQYltw80ncA79mQL/mhq0XWP14OcrqvrFd65c1MwOZeu4Tq85LYMNAxzPsfePol5gM88z1UTj5OcsLZ4JiY/EcHgjykt3bQj1sKZCXgB9k7C9R/WsPXIoNZn68LfLiM1dQnjPgk3X6FHxkXG3F52yUbDBzSDv3a35LZFOBNXM+y+2oDWTBWXMADwVZiNQVnlNGYdDz0vm0ZlOxl/6BfUg/rI2NfjYAe8YBC';

vClob := vClob || '85zFl9/zuzj0ybAJ8/6Yc5LBdbmBzzjz6ZkjQ06rDNnMZ57t8j4xFir2VFevbGO4gG9LEDmM4VhTUMh9zdTXngW2IvxUtBjrS1rLlC5IxtLkOnbtc1jc+gPyFG/6DCDjeDvvpo/cXnm4ln7e63mcwb84odc+Ide8kaWvyfP8OYbywti9iIshlh4Zbn2EoELRo4vbdhjjR4Xr74yQJ8i58WDX01goyCzuZU7Iwdju3bmr2J8EEc78Zkz+Nez/u4BvzY+ORuHPO7xz6l+vAoOYuFfGy6aAngpXqiNUi/Ny7JxkNssPnuWtFlaG1tZ1Uld8wEbDRm52uTo0yg2Lc9iLEA3YzP0eS/EJid817p4lqO8/Fi8QTgo2CzMWVAuiP8I7L4F8QKANf+JB5Dpw33QLv2ADQBeLDrMS0XHjoGdOTCw0bdnYh/yDZU+yZFn8/IZ1H8ENLb+iFFrcIY331g2EQf3YsHLyU87e3mRflWxRp9LQUc9Lw2Q2Qw+Q/rwYs0pC4/c/NKva3T1xRofnoF9/YP5kQ9kc6Nn7trfQ/pwrf97wPp0W5LAa0BhvZTEw3sRDL7u0K+5qQNejpfJbCOxxi9DfePYeO7r04YSntMvsz/cgbPoy3joIwNjo8d/82Tm2Twejfmnfz6sfGjPxsTqzTcW5CV7WC/PPS/KNfK0y3xzLdjqQ3vtGMqIqz375sDI/CD1gCbJtwQYg5kYXrR+3XcNub4Hz0rMjG9tmc/w42N2A4JJroHgOXPgnPfu8+wacg0ckNgWk5kC6Aeqfe7lGrDPi0GfZ/SI4zMwG5sZndxTl72lnNhD7nNFfeaqh62jnl+0gfSPP5+dM1aif+R+cHi+ByKsjkvA5/Ul4HW+BHyWw6Nm/F/+xL36JgaDvYxnDspd3zPwmVwu6jpfLuMnPeaMS17aOyPDB/uQMyPPsHcYc8mWvcvX6HUNxAfkoPzMfMdYFD4PkiNRLzaHh7y83p9lqXv5XbFrP4vFXj4T36IytHmtYS71QjmT52AsrZfOlWfZM7DL+jEyp9xb833';

vClob := vClob || 'v/Zwci8LnYRBGLS57HqYeSrutfQf7yC4/GJ9lHHjJXtuaz5mhX3xlTjy7Vwuc8c0B2ZKel6aePtnLeGsj/ac8Y2WurM0FmXJnh/629u8Yi8LV4YFMJBNwzcw+89Y+zxbPeW1wSdrUS7xneBZ86t+GMNe6zlxzzX7qM9dca4ytoX/8aus6c3LP/SpzrQ3z1r57J8ai8HmYYL5JkCmvYyuZur/kJxsN/bWLyQu9Z6QffGd810tnthGVpx/WuVflez8YVS/zwJfrfLtnzsw5rN3a2NrfO/jTgsUuLonyq+464HKAn/4KqTqXRK8zLO3zjA9mn/33nIRY/PWT+hn7XsiTseSTWMTnv50ZF908DzArr5j/GTIWsS/NdvVlrubAuDTYVZb/Jib6UBe29u8BD6vjEvjFzMivJMcloevsp+XIPntVP78mtK2j2tw79Gc8nmueS3Pqrdkqqzq5vzTWYjK0t6b5rcJIXddn7ufMOPTGGoa93PcvYMOwwjTW0MI01tDCNNbQwjTW0MI01tDCNNbQwjTW0MI01tDCNNbQwjTW0MI01tDCNNbQwjTW0MI01tDCNNbQwjTW0MI01tDCNNbQwjTW0MI01tDA09P/AJDiHQMuD3bqAAAAAElFTkSuQmCC';

Insert into POS_IMG (IMG_ID,IMG_NM,IMG_CONTENT,POS_CRT_BY,POS_CRT_ON,POS_MOD_BY,POS_MOD_ON) values (6,'BQ Square RGB_v1.3.png',vClob,null,null,null,to_timestamp('25-FEB-18','DD-MON-RR HH24.MI.SSXFF'));

Insert into POS_IMG (IMG_ID,IMG_NM,IMG_CONTENT,POS_CRT_BY,POS_CRT_ON,POS_MOD_BY,POS_MOD_ON) values (7,'BQ Square RGB_v1.3.png',vClob,null,null,null,null);

Insert into POS_IMG (IMG_ID,IMG_NM,IMG_CONTENT,POS_CRT_BY,POS_CRT_ON,POS_MOD_BY,POS_MOD_ON) values (8,'BQ Square RGB_v1.3.png',vClob,null,null,null,null);

Insert into POS_IMG (IMG_ID,IMG_NM,IMG_CONTENT,POS_CRT_BY,POS_CRT_ON,POS_MOD_BY,POS_MOD_ON) values (9,'BQ Square RGB_v1.3.png',vClob,null,null,null,null);

Insert into POS_IMG (IMG_ID,IMG_NM,IMG_CONTENT,POS_CRT_BY,POS_CRT_ON,POS_MOD_BY,POS_MOD_ON) values (10,'BQ Square RGB_v1.3.png',vClob,null,null,null,null);

Insert into POS_IMG (IMG_ID,IMG_NM,IMG_CONTENT,POS_CRT_BY,POS_CRT_ON,POS_MOD_BY,POS_MOD_ON) values (5,'BQ Square RGB_v1.3.png',vClob,null,null,null,null);

Insert into POS_IMG (IMG_ID,IMG_NM,IMG_CONTENT,POS_CRT_BY,POS_CRT_ON,POS_MOD_BY,POS_MOD_ON) values (1,'BQ Square RGB_v1.3.png',vClob,null,null,null,null);

Insert into POS_IMG (IMG_ID,IMG_NM,IMG_CONTENT,POS_CRT_BY,POS_CRT_ON,POS_MOD_BY,POS_MOD_ON) values (2,'BQ Square RGB_v1.3.png',vClob,null,null,null,null);

Insert into POS_IMG (IMG_ID,IMG_NM,IMG_CONTENT,POS_CRT_BY,POS_CRT_ON,POS_MOD_BY,POS_MOD_ON) values (3,'BQ Square RGB_v1.3.png',vClob,null,null,null,null);

Insert into POS_IMG (IMG_ID,IMG_NM,IMG_CONTENT,POS_CRT_BY,POS_CRT_ON,POS_MOD_BY,POS_MOD_ON) values (4,'BQ Square RGB_v1.3.png',vClob,null,null,null,null);

end;
/

------POS_CATALOGUE Insert --------------------------
delete from POS_CATALOGUE;

Insert into POS_CATALOGUE (ID,ID_BSNGP,DE_ITM,ID_BARCODE) values (1,1317,'Order Payment','5052931248131');
Insert into POS_CATALOGUE (ID,ID_BSNGP,DE_ITM,ID_BARCODE) values (2,1200000,'GoGW','0000003614938');
Insert into POS_CATALOGUE (ID,ID_BSNGP,DE_ITM,ID_BARCODE) values (3,1317,'GoGW','0000003614938');
Insert into POS_CATALOGUE (ID,ID_BSNGP,DE_ITM,ID_BARCODE) values (4,1315,'Order Payment','5052931248131');
Insert into POS_CATALOGUE (ID,ID_BSNGP,DE_ITM,ID_BARCODE) values (5,1200000,'Order Payment','5052931248131');
Insert into POS_CATALOGUE (ID,ID_BSNGP,DE_ITM,ID_BARCODE) values (6,1300000,'Order Payment','3663602103684');
Insert into POS_CATALOGUE (ID,ID_BSNGP,DE_ITM,ID_BARCODE) values (7,1400000,'Order Payment','3663602103684');
Insert into POS_CATALOGUE (ID,ID_BSNGP,DE_ITM,ID_BARCODE) values (8,1500000,'Order Payment','3663602103684');
Insert into POS_CATALOGUE (ID,ID_BSNGP,DE_ITM,ID_BARCODE) values (9,1300000,'GoGW','3663602086543');
Insert into POS_CATALOGUE (ID,ID_BSNGP,DE_ITM,ID_BARCODE) values (10,1400000,'GoGW','3663602086543');
Insert into POS_CATALOGUE (ID,ID_BSNGP,DE_ITM,ID_BARCODE) values (11,1500000,'GoGW','3663602086543');
Insert into POS_CATALOGUE (ID,ID_BSNGP,DE_ITM,ID_BARCODE) values (12,1200000,'Gift Card Reload','0000004036944');
Insert into POS_CATALOGUE (ID,ID_BSNGP,DE_ITM,ID_BARCODE) values (13,1317,'Gift Card Reload','0000004036944');

commit;



------Last column value set as 'N'--------------
update pos_catalogue set pos_alwd_tax_flag = 'N' where DE_ITM = 'Order Payment';
update pos_catalogue set ID_BARCODE = null;

------POS_NO_GENERATOR table SEQUENCE number update----------------------------------------------------

Insert into POS_NO_GENERATOR (REC_TYP,GEN_NUM,POS_CRT_ON,POS_MOD_ON) values ('CreateUser',111, sysdate, sysdate);

update POS_NO_GENERATOR set GEN_NUM = (select max(cd_rsn) from CO_CD_RSN) where REC_TYP='Create Reason';
update POS_NO_GENERATOR set GEN_NUM = (select max(id_wrkr) from PA_WRKR) where REC_TYP='CreateUser';


---------co_acs_gp_rs----------
insert into co_acs_gp_rs values ('3', '214', 'N', 'N', '104', '2013-02-02 00:00:05', '104', '2013-02-02 00:00:05');


commit;